"","date","day","run","fragment_ID","genus","family","jar","salinity","net_photo_ug_h","respiration_ug_h","gross_photo_ug_h","O2_start_L","O2_end_L","O2_start_D","O2_end_D","sum_surface_cm2","sum_volume_cm3","net_photo_h_surface","respiration_h_surface","gross_photo_h_surface","category","species"
"1",2019-07-22,"1","1","PveF1","Pocillopora","Pocilloporidae",1,"34",1374.008,734.3819,2108.3899,6.84,7.47,7.76,7.34,41.823,11350.44,32.8529278148387,17.5592831695479,50.4122109843866,"single","Pve"
"2",2019-07-22,"1","1","PveA1","Pocillopora","Pocilloporidae",2,"34",965.4739,834.4179,1799.8918,6.91,7.35,7.58,7.11,30.152,6253.43,32.0202275139294,27.6737165030512,59.6939440169806,"single","Pve"
"3",2019-07-22,"1","1","PveB1","Pocillopora","Pocilloporidae",3,"34",901.3379,774.3963,1675.7342,6.94,7.36,7.46,7.02,37.8149,10269.1,23.835522505679,20.4786023498674,44.3141248555464,"single","Pve"
"4",2019-07-22,"1","1","AmuD1","Acropora","Acroporidae",4,"34",459.1333,454.2811,913.4144,6.94,7.13,7.23,6.95,14.5402,2048.4,31.5768215017675,31.243112199282,62.8199337010495,"single","Amu"
"5",2019-07-22,"1","1","AmuB1","Acropora","Acroporidae",5,"34",404.5682,165.1448,569.713,6.86,7.02,7.02,6.88,19.1996,2005.3,21.0716994104044,8.60147086397633,29.6731702743807,"single","Amu"
"6",2019-07-22,"1","1","AmuA1","Acropora","Acroporidae",6,"34",641.0169,107.0594,748.0763,6.86,7.15,7.05,6.94,17.9878,2135.85,35.636203426767,5.95177842760093,41.587981854368,"single","Amu"
"7",2019-07-22,"1","1","PloB1","Porites","Poritidae",7,"34",519.5828,156.674,676.2568,6.91,7.14,6.97,6.83,14.7412,7767.71,35.2469812498304,10.6283070577701,45.8752883076005,"single","Plo"
"8",2019-07-22,"1","1","PloC1","Porites","Poritidae",8,"34",396.9897,276.0352,673.0249,6.93,7.1,6.97,6.76,18.9363,10590.79,20.9644809176027,14.5770398652324,35.5415207828351,"single","Plo"
"9",2019-07-22,"1","1","PloD1","Porites","Poritidae",9,"34",275.7749,21.3981,297.173,6.92,7.02,6.91,6.84,12.9121,6014.02,21.3578658777426,1.65721300175804,23.0150788795006,"single","Plo"
"10",2019-07-22,"1","2","PveF3","Pocillopora","Pocilloporidae",1,"34",940.3384,974.7205,1915.0589,6.94,7.33,7.34,6.91,31.1532,7342.34,30.1843277737118,31.2879736271073,61.4723014008192,"single","Pve"
"11",2019-07-22,"1","2","PveA2","Pocillopora","Pocilloporidae",2,"34",891.5709,833.241,1724.8119,6.93,7.32,7.44,7.05,24.76,5715.49,36.0085177705977,33.6527059773829,69.6612237479806,"single","Pve"
"12",2019-07-22,"1","2","PveB3","Pocillopora","Pocilloporidae",3,"34",797.7871,943.6033,1741.3904,6.98,7.32,7.47,7.01,29.7634,8293.31,26.8042999119724,31.7034780972604,58.5077780092328,"single","Pve"
"13",2019-07-22,"1","2","AmuD2","Acropora","Acroporidae",4,"34",460.1656,503.1222,963.2878,6.96,7.12,7.27,7.03,13.5322,1804.99,34.0052319652385,37.1796308065207,71.1848627717592,"single","Amu"
"14",2019-07-22,"1","2","AmuB2","Acropora","Acroporidae",5,"34",373.0375,259.2845,632.322,6.93,7.04,7.02,6.91,13.9673,1609.52,26.7079177793847,18.5636808832058,45.2715986625905,"single","Amu"
"15",2019-07-22,"1","2","AmuA2","Acropora","Acroporidae",6,"34",440.1584,203.0142,643.1726,7.01,7.15,7,6.92,20.8248,2802.66,21.1362606123468,9.74867465713956,30.8849352694864,"single","Amu"
"16",2019-07-22,"1","2","PloB2","Porites","Poritidae",7,"34",489.2083,234.8439,724.0522,6.99,7.16,6.97,6.87,12.8531,6589.43,38.061502672507,18.2713820012293,56.3328846737363,"single","Plo"
"17",2019-07-22,"1","2","PloC2","Porites","Poritidae",8,"34",334.3139,335.4148,669.7287,6.98,7.07,6.94,6.78,18.4362,8940.17,18.1335578915395,18.1932719323939,36.3268298239334,"single","Plo"
"18",2019-07-22,"1","2","PloD2","Porites","Poritidae",9,"34",260.0936,247.1478,507.2414,7.01,7.06,6.93,6.82,13.4769,5949.39,19.299215695004,18.3386238675066,37.6378395625107,"single","Plo"
"19",2019-07-22,"1","3","PveF4","Pocillopora","Pocilloporidae",1,"34",1286.1771,1038.8354,2325.0125,6.95,7.55,7.64,7.09,34.4289,9306.9,37.3574845551267,30.1733543621783,67.5308389173049,"single","Pve"
"20",2019-07-22,"1","3","PveA4","Pocillopora","Pocilloporidae",2,"34",1073.1973,983.9769,2057.1742,7,7.51,7.66,7.12,31.2468,7632.38,34.3458306130548,31.4904854257076,65.8363160387624,"single","Pve"
"21",2019-07-22,"1","3","PveB4","Pocillopora","Pocilloporidae",3,"34",685.9611,1084.3063,1770.2674,6.99,7.3,7.58,6.95,29.7212,7337.84,23.0798588213127,36.4825881862105,59.5624470075232,"single","Pve"
"22",2019-07-22,"1","3","AmuD3","Acropora","Acroporidae",4,"34",498.3936,662.2293,1160.6229,6.89,7.11,7.25,6.84,18.3003,2372.24,27.23417648891,36.1868002163899,63.4209767052999,"single","Amu"
"23",2019-07-22,"1","3","AmuB4","Acropora","Acroporidae",5,"34",221.2778,418.6122,639.89,6.96,7.03,7.11,6.83,17.0438,1723.43,12.9828911392999,24.5609664511435,37.5438575904434,"single","Amu"
"24",2019-07-22,"1","3","AmuA3","Acropora","Acroporidae",6,"34",573.4206,489.9892,1063.4098,6.92,7.18,7.18,6.84,26.7264,3689.56,21.4552128232759,18.3335278975096,39.7887407207854,"single","Amu"
"25",2019-07-22,"1","3","PloB3","Porites","Poritidae",7,"34",631.3961,538.6554,1170.0515,6.85,7.15,7.17,6.8,16.2556,8125.29,38.8417591476168,33.1366052314279,71.9783643790448,"single","Plo"
"26",2019-07-22,"1","3","PloC3","Porites","Poritidae",8,"34",438.8134,392.6569,831.4703,6.88,7.08,7.06,6.78,13.2414,6696.01,33.1395018653617,29.6537299681303,62.7932318334919,"single","Plo"
"27",2019-07-22,"1","3","PloD3","Porites","Poritidae",9,"34",509.427,333.3183,842.7453,6.9,7.14,7.02,6.77,13.6231,6560.56,37.3943522399454,24.4671403718684,61.8614926118138,"single","Plo"
"28",2019-07-23,"2","1","PdaA1","Pocillopora","Pocilloporidae",1,"34.2",593.9637,447.6611,1041.6248,6.97,7.22,7.28,7,21.6293,2160.07,27.4610690128668,20.6969758614472,48.158044874314,"single","Pda"
"29",2019-07-23,"2","1","PdaB1","Pocillopora","Pocilloporidae",2,"34.2",1314.223,467.6683,1781.8913,6.92,7.53,7.51,7.22,34.6448,3583.01,37.9342065764559,13.4989464508382,51.4331530272941,"single","Pda"
"30",2019-07-23,"2","1","PdaD1","Pocillopora","Pocilloporidae",3,"34.2",356.3782,527.6899,884.0681,6.98,7.12,7.28,6.96,30.2213,3909.65,11.7922855734201,17.4608603865486,29.2531459599686,"single","Pda"
"31",2019-07-23,"2","1","AcyB1","Acropora","Acroporidae",4,"34.2",248.6782,167.5603,416.2385,6.98,7.06,7.09,6.95,12.938,1228.35,19.2207605503169,12.9510202504251,32.171780800742,"single","Acy"
"32",2019-07-23,"2","1","AcyD1","Acropora","Acroporidae",5,"34.2",187.5675,81.0776,268.6451,6.98,7.03,7.02,6.92,17.3011,1697.72,10.8413626879216,4.68626850315876,15.5276311910803,"single","Acy"
"33",2019-07-23,"2","1","AcyA1","Acropora","Acroporidae",6,"34.2",243.8377,81.0776,324.9153,6.98,7.06,7.03,6.93,24.5063,2597.61,9.95000061208751,3.30843905444722,13.2584396665347,"single","Acy"
"34",2019-07-23,"2","1","PcyB1","Porites","Poritidae",7,"34.2",337.6215,139.163,476.7845,6.98,7.11,7.08,6.95,17.1381,3952.57,19.7000542650586,8.12009499302723,27.8201492580858,"single","Pcy"
"35",2019-07-23,"2","1","PcyC1","Porites","Poritidae",8,"34.2",318.8647,225.081,543.9457,6.95,7.07,7.06,6.88,19.0542,4269.74,16.734614940538,11.8126712220928,28.5472861626308,"single","Pcy"
"36",2019-07-23,"2","1","PcyA1","Porites","Poritidae",9,"34.2",206.3242,197.2484,403.5726,6.94,7,6.96,6.8,13.109,1928.61,15.739125791441,15.0467922801129,30.7859180715539,"single","Pcy"
"37",2019-07-23,"2","2","PdaA2","Pocillopora","Pocilloporidae",1,"34.2",1092.1577,342.4274,1434.5851,6.81,7.4,7.22,6.99,18.9445,2037.34,57.6503840164692,18.0752936208398,75.725677637309,"single","Pda"
"38",2019-07-23,"2","2","PdaB2","Pocillopora","Pocilloporidae",2,"34.2",1243.4622,690.9399,1934.4021,6.94,7.65,7.84,7.43,39.7983,4132.81,31.2441033913509,17.361040546958,48.6051439383089,"single","Pda"
"39",2019-07-23,"2","2","PdaD2","Pocillopora","Pocilloporidae",3,"34.2",812.0569,1097.5378,1909.5947,6.97,7.45,7.61,6.97,26.9432,4223.72,30.1395862406841,40.7352430297812,70.8748292704653,"single","Pda"
"40",2019-07-23,"2","2","AcyB3","Acropora","Acroporidae",4,"34.2",148.1817,373.7479,521.9296,6.96,7.09,7.3,7.03,13.4686,1264.39,11.0020120873736,27.7495730810923,38.7515851684659,"single","Acy"
"41",2019-07-23,"2","2","AcyD2","Acropora","Acroporidae",5,"34.2",148.1817,197.2138,345.3955,6.91,7.04,7.16,6.99,20.8642,2170.66,7.10219898198829,9.45225793464403,16.5544569166323,"single","Acy"
"42",2019-07-23,"2","2","AcyA2","Acropora","Acroporidae",6,"34.2",136.8139,108.9468,245.7607,6.94,7.06,7.08,6.96,22.4039,1896.82,6.10670017273778,4.86284977169154,10.9695499444293,"single","Acy"
"43",2019-07-23,"2","2","PcyB2","Porites","Poritidae",7,"34.2",75.4282,91.2934,166.7216,6.94,7.03,7.07,6.96,17.8277,3394.96,4.230955198932,5.12087369655087,9.35182889548287,"single","Pcy"
"44",2019-07-23,"2","2","PcyC3","Porites","Poritidae",8,"34.2",211.8409,126.6002,338.4411,6.92,7.08,7.07,6.94,17.1689,3570.06,12.3386413806359,7.37380962088427,19.7124510015202,"single","Pcy"
"45",2019-07-23,"2","2","PcyA2","Porites","Poritidae",9,"34.2",257.3119,250.1741,507.486,6.94,7.13,7.05,6.85,19.899,3782.54,12.9308960249259,12.5721945826423,25.5030906075682,"single","Pcy"
"46",2019-07-23,"2","3","PdaA4","Pocillopora","Pocilloporidae",1,"34.2",425.153,303.335,728.488,6.98,7.23,7.14,6.94,16.2451,1787.41,26.1711531477184,18.6723996774412,44.8435528251596,"single","Pda"
"47",2019-07-23,"2","3","PdaB4","Pocillopora","Pocilloporidae",2,"34.2",796.2543,772.4693,1568.7236,7,7.45,7.56,7.14,31.8182,3352.75,25.0251208427881,24.2775926985185,49.3027135413065,"single","Pda"
"48",2019-07-23,"2","3","PdaD4","Pocillopora","Pocilloporidae",3,"34.2",431.4053,623.4502,1054.8555,7.01,7.28,7.26,6.9,30.7342,3921.35,14.0366529794171,20.2852262300629,34.32187920948,"single","Pda"
"49",2019-07-23,"2","3","AcyB4","Acropora","Acroporidae",4,"34.2",93.7837,303.335,397.1187,7.04,7.13,7.11,6.91,15.5753,1360.59,6.0213093808787,19.4753873119619,25.4966966928406,"single","Acy"
"50",2019-07-23,"2","3","AcyD3","Acropora","Acroporidae",5,"34.2",93.7837,38.7236,132.5073,7.04,7.13,7.01,6.94,17.1199,1615.04,5.47805185777954,2.2619057354307,7.73995759321024,"single","Acy"
"51",2019-07-23,"2","3","AcyA3","Acropora","Acroporidae",6,"34.2",150.054,135.5326,285.5866,7.03,7.15,7.03,6.91,22.571,1979.76,6.64808825484028,6.00472287448496,12.6528111293252,"single","Acy"
"52",2019-07-23,"2","3","PcyB4","Porites","Poritidae",7,"34.2",93.7838,193.6181,287.4019,7.02,7.11,7.04,6.89,12.0131,2023.94,7.80679424961084,16.1172470053525,23.9240412549633,"single","Pcy"
"53",2019-07-23,"2","3","PcyC4","Porites","Poritidae",8,"34.2",206.3243,232.3417,438.666,7,7.15,7.03,6.86,13.2236,2651.41,15.6027329925285,17.5702304969902,33.1729634895187,"single","Pcy"
"54",2019-07-23,"2","3","PcyA4","Porites","Poritidae",9,"34.2",206.3242,154.8945,361.2187,6.99,7.14,7.01,6.88,12.5349,1991.13,16.4599797365755,12.3570590910179,28.8170388275934,"single","Pcy"
"55",2019-07-24,"3","1","SpiA1","Stylophora","Pocilloporidae",1,"34.4",565.2034,983.9905,1549.1939,6.86,7.18,7.31,6.7,27.1892,4553.5,20.7877907404411,36.1904910773395,56.9782818177806,"single","Spi"
"56",2019-07-24,"3","1","SpiB1","Stylophora","Pocilloporidae",2,"34.4",945.3402,731.6416,1676.9818,6.93,7.44,7.52,7.02,41.0438,8694.19,23.0324726268036,17.8258738225993,40.8583464494028,"single","Spi"
"57",2019-07-24,"3","1","SpiD1","Stylophora","Pocilloporidae",3,"34.4",834.9779,570.0915,1405.0694,6.95,7.42,7.45,7.02,24.7064,4033.11,33.7960164167989,23.0746486740278,56.8706650908267,"single","Spi"
"58",2019-07-24,"3","1","MdiC1","Montipora","Acroporidae",4,"34.4",862.8105,420.0375,1282.848,6.94,7.44,7.41,7.06,24.5403,3275.81,35.158922262564,17.1162332978814,52.2751555604455,"single","Mdi"
"59",2019-07-24,"3","1","MdiA1","Montipora","Acroporidae",5,"34.4",854.3397,382.524,1236.8637,6.94,7.42,7.44,7.11,27.9491,3894.93,30.5676998543781,13.6864514420858,44.2541512964639,"single","Mdi"
"60",2019-07-24,"3","1","MdiD1","Montipora","Acroporidae",6,"34.4",1067.3196,513.8213,1581.1409,6.92,7.51,7.46,7.06,33.7694,3358.81,31.6061167802804,15.2155886690317,46.8217054493121,"single","Mdi"
"61",2019-07-24,"3","1","PruD1","Porites","Poritidae",7,"34.4",602.6362,326.2538,928.89,6.91,7.26,7.27,6.97,14.9676,4196.06,40.2627141291857,21.7973355781822,62.0600497073679,"single","Pru"
"62",2019-07-24,"3","1","PruE2","Porites","Poritidae",8,"34.4",312.2091,194.9565,507.1656,6.91,7.11,7.12,6.89,17.0074,4773.74,18.3572503733669,11.4630396180486,29.8202899914155,"single","Pru"
"63",2019-07-24,"3","1","PruA1","Porites","Poritidae",9,"34.4",254.1237,109.1302,363.2539,6.93,7.1,7.02,6.83,21.6076,7024.71,11.7608480349507,5.05054702974879,16.8113950646995,"single","Pru"
"64",2019-07-24,"3","2","SpiA2","Stylophora","Pocilloporidae",1,"34.4",903.9617,596.5783,1500.54,6.95,7.42,7.57,7.19,27.2464,4425.26,33.1772894767749,21.8956742909155,55.0729637676904,"single","Spi"
"65",2019-07-24,"3","2","SpiB2","Stylophora","Pocilloporidae",2,"34.4",1009.1608,792.899,1802.0598,7.02,7.56,7.69,7.18,43.7361,7491.94,23.0738634674788,18.1291656091878,41.2030290766667,"single","Spi"
"66",2019-07-24,"3","2","SpiD2","Stylophora","Pocilloporidae",3,"34.4",995.2445,886.6827,1881.9272,7.02,7.57,7.8,7.24,27.2023,5102.41,36.5867775886598,32.5958724078479,69.1826499965076,"single","Spi"
"67",2019-07-24,"3","2","MdiC3","Montipora","Acroporidae",4,"34.4",1089.0283,661.6017,1750.63,7,7.6,7.7,7.26,28.9036,4363.37,37.6779466917616,22.8899410454061,60.5678877371677,"single","Mdi"
"68",2019-07-24,"3","2","MdiA3","Montipora","Acroporidae",5,"34.4",976.4878,361.4937,1337.9815,7.01,7.55,7.48,7.2,26.013,3762.38,37.5384538499981,13.8966555183946,51.4351093683927,"single","Mdi"
"69",2019-07-24,"3","2","MdiD3","Montipora","Acroporidae",6,"34.4",995.2445,552.6916,1547.9361,7,7.55,7.5,7.13,26.3054,3571.41,37.8342279531959,21.0105757753161,58.844803728512,"single","Mdi"
"70",2019-07-24,"3","2","PruD3","Porites","Poritidae",7,"34.4",545.6509,342.737,888.3879,7,7.32,7.3,7.03,15.6084,4211.4,34.9587978268112,21.9584967069014,56.9172945337126,"single","Pru"
"71",2019-07-24,"3","2","PruE3","Porites","Poritidae",8,"34.4",363.7673,192.683,556.4503,7,7.22,7.13,6.94,15.0049,3860.26,24.2432338769335,12.8413384960913,37.0845723730248,"single","Pru"
"72",2019-07-24,"3","2","PruA3","Porites","Poritidae",9,"34.4",291.0138,211.4397,502.4535,7.03,7.21,7.13,6.93,18.6408,5379.15,15.6116582979271,11.3428447276941,26.9545030256212,"single","Pru"
"73",2019-07-24,"3","3","SpiA4","Stylophora","Pocilloporidae",1,"34.4",781.4577,1041.9134,1823.3711,6.89,7.36,7.66,7.07,39.6715,6484.63,19.6982140831579,26.2635241924303,45.9617382755883,"single","Spi"
"74",2019-07-24,"3","3","SpiB3","Stylophora","Pocilloporidae",2,"34.4",553.8758,780.5694,1334.4452,6.97,7.35,7.51,7.02,25.3771,5065.74,21.8258114599383,30.758810108326,52.5846215682643,"single","Spi"
"75",2019-07-24,"3","3","SpiD4","Stylophora","Pocilloporidae",3,"34.4",985.281,829.5789,1814.8599,6.99,7.6,7.76,7.26,28.5014,6490.73,34.5695650038244,29.1066017809651,63.6761667847895,"single","Spi"
"76",2019-07-24,"3","3","MdiC4","Montipora","Acroporidae",4,"34.4",891.4973,825.4719,1716.9692,7,7.56,7.64,7.11,21.3267,3411.4,41.801933726268,38.7060304688489,80.5079641951169,"single","Mdi"
"77",2019-07-24,"3","3","MdiA4","Montipora","Acroporidae",5,"34.4",823.2909,797.1194,1620.4103,7.01,7.55,7.57,7.04,30.3893,4938.8,27.0914729855574,26.2302652578375,53.3217382433949,"single","Mdi"
"78",2019-07-24,"3","3","MdiD4","Montipora","Acroporidae",6,"34.4",896.0444,721.2575,1617.3019,7.03,7.61,7.54,7.01,37.309,4987.15,24.0168431209628,19.3319976413198,43.3488407622826,"single","Mdi"
"79",2019-07-24,"3","3","PruD4","Porites","Poritidae",7,"34.4",641.4073,414.3191,1055.7264,7.01,7.45,7.31,6.96,17.8523,5232.45,35.9285526234715,23.208163653983,59.1367162774544,"single","Pru"
"80",2019-07-24,"3","3","PruE4","Porites","Poritidae",8,"34.4",314.0167,230.8523,544.869,6.99,7.25,7.15,6.91,17.5779,5018.48,17.8642898184652,13.133098948111,30.9973887665762,"single","Pru"
"81",2019-07-24,"3","3","PruA4","Porites","Poritidae",9,"34.4",168.5098,130.0063,298.5161,6.99,7.17,7.09,6.92,16.0989,4438.52,10.4671623527073,8.07547720651722,18.5426395592245,"single","Pru"
"82",2019-08-03,"10","1","PveF3","Pocillopora","Pocilloporidae",1,"35.6",772.9097,996.2206,1769.1303,7.02,7.43,7.63,7.07,31.1532,7342.34,24.809961737478,31.9781146078091,56.7880763452872,"single","Pve"
"83",2019-08-03,"10","1","PveA2","Pocillopora","Pocilloporidae",2,"35.6",734.7142,785.8223,1520.5365,7,7.43,7.58,7.11,24.76,5715.49,29.6734329563813,31.7375726978998,61.4110056542811,"single","Pve"
"84",2019-08-03,"10","1","PveB3","Pocillopora","Pocilloporidae",3,"35.6",771.0909,785.8223,1556.9132,7.01,7.46,7.51,7.04,29.7634,8293.31,25.9073526546026,26.4023028283059,52.3096554829085,"single","Pve"
"85",2019-08-03,"10","1","AmuD2","Acropora","Acroporidae",4,"35.6",464.5635,331.1537,795.7172,7.01,7.3,7.22,7,13.5322,1804.99,34.3302271618806,24.4715345620077,58.8017617238882,"single","Amu"
"86",2019-08-03,"10","1","AmuB2","Acropora","Acroporidae",5,"35.6",261.297,227.6681,488.9651,6.99,7.17,7.13,6.96,13.9673,1609.52,18.7077674282073,16.3000794713366,35.0078468995439,"single","Amu"
"87",2019-08-03,"10","1","AmuA2","Acropora","Acroporidae",6,"35.6",295.5951,240.2342,535.8293,6.99,7.19,7.13,6.96,20.8248,2802.66,14.1943788175637,11.5359667319734,25.7303455495371,"single","Amu"
"88",2019-08-03,"10","1","PloB2","Porites","Poritidae",7,"35.6",269.3952,269.0623,538.4575,6.98,7.17,7.12,6.93,12.8531,6589.43,20.9595506142487,20.9336502478001,41.8932008620488,"single","Plo"
"89",2019-08-03,"10","1","PloC2","Porites","Poritidae",8,"35.6",336.0859,227.6681,563.754,6.97,7.2,7.07,6.9,18.4362,8940.17,18.2296731430555,12.3489710460941,30.5786441891496,"single","Plo"
"90",2019-08-03,"10","1","PloD2","Porites","Poritidae",9,"35.6",277.0556,165.5768,442.6324,6.97,7.17,7.03,6.89,13.4769,5949.39,20.5578137405486,12.2859708093107,32.8437845498594,"single","Plo"
"91",2019-08-03,"10","2","PveF4","Pocillopora","Pocilloporidae",1,"35.6",917.473,1085.5519,2003.0249,7.02,7.47,7.68,7.06,34.4289,9306.9,26.6483390407477,31.5302522009126,58.1785912416603,"single","Pve"
"92",2019-08-03,"10","2","PveA4","Pocillopora","Pocilloporidae",2,"35.6",842.446,900.6578,1743.1038,7.06,7.5,7.6,7.09,31.2468,7632.38,26.9610328097597,28.8240011777206,55.7850339874803,"single","Pve"
"93",2019-08-03,"10","2","PveB4","Pocillopora","Pocilloporidae",3,"35.6",654.8785,962.7491,1617.6276,7.11,7.45,7.59,7.05,29.7212,7337.84,22.03405313379,32.3926725704211,54.4267257042111,"single","Pve"
"94",2019-08-03,"10","2","AmuA3","Acropora","Acroporidae",6,"35.6",417.293,385.2999,802.5929,7.09,7.31,7.19,6.92,26.7264,3689.56,15.613513230364,14.4164533943966,30.0299666247605,"single","Amu"
"95",2019-08-03,"10","2","PloB3","Porites","Poritidae",7,"35.6",271.7861,265.2567,537.0428,7.09,7.23,7.13,6.92,16.2556,8125.29,16.7195366519845,16.3178658431556,33.0374024951401,"single","Plo"
"96",2019-08-03,"10","2","PloC3","Porites","Poritidae",8,"35.6",193.6831,185.2279,378.911,7.08,7.18,7.08,6.91,13.2414,6696.01,14.6270862597611,13.9885435074841,28.6156297672452,"single","Plo"
"97",2019-08-03,"10","2","PloD3","Porites","Poritidae",9,"35.6",171.4903,19.3618,190.8521,7.07,7.16,7.01,6.92,13.6231,6560.56,12.5881994553369,1.42124773362891,14.0094471889658,"single","Plo"
"98",2019-08-03,"10","3","PveF1","Pocillopora","Pocilloporidae",1,"35.6",690.2484,645.3935,1335.6419,7.09,7.51,7.73,7.33,41.823,11350.44,16.5040384477441,15.4315448437463,31.9355832914903,"single","Pve"
"99",2019-08-03,"10","3","PveA1","Pocillopora","Pocilloporidae",2,"35.6",881.5672,764.1863,1645.7535,7.08,7.63,7.77,7.28,30.152,6253.43,29.2374369859379,25.3444647121252,54.5819016980631,"single","Pve"
"100",2019-08-03,"10","3","PveB1","Pocillopora","Pocilloporidae",3,"35.6",1125.405,900.0306,2025.4356,7.07,7.75,7.79,7.21,37.8149,10269.1,29.7608879039744,23.8009514767988,53.5618393807732,"single","Pve"
"101",2019-08-03,"10","3","AmuD1","Acropora","Acroporidae",4,"35.6",632.0456,348.5125,980.5581,7.09,7.52,7.4,7.14,14.5402,2048.4,43.46883811777,23.968893137646,67.437731255416,"single","Amu"
"102",2019-08-03,"10","3","AmuB1","Acropora","Acroporidae",5,"35.6",291.2813,225.2423,516.5236,7.1,7.35,7.3,7.11,19.1996,2005.3,15.1712171086898,11.7316142002958,26.9028313089856,"single","Amu"
"103",2019-08-03,"10","3","AmuA1","Acropora","Acroporidae",6,"35.6",283.4353,135.5326,418.9679,7.09,7.35,7.26,7.11,17.9878,2135.85,15.7570853578537,7.53469573822257,23.2917810960762,"single","Amu"
"104",2019-08-03,"10","3","PloB1","Porites","Poritidae",7,"35.6",366.7987,271.0653,637.864,7.09,7.4,7.26,7.04,14.7412,7767.71,24.8825536591322,18.3882791088921,43.2708327680243,"single","Plo"
"105",2019-08-03,"10","3","PloC1","Porites","Poritidae",8,"35.6",402.7765,387.2361,790.0126,7.09,7.44,7.28,7,18.9363,10590.79,21.2700738792689,20.4494066950777,41.7194805743466,"single","Plo"
"106",2019-08-03,"10","3","PloD1","Porites","Poritidae",9,"35.6",292.2104,309.7889,601.9993,7.1,7.38,7.26,7.02,12.9121,6014.02,22.6307417073907,23.9921391562953,46.622880863686,"single","Plo"
"107",2019-08-05,"11","1","PdaA2","Pocillopora","Pocilloporidae",1,"35.5",416.8167,720.2592,1137.0759,7,7.25,7.4,6.97,18.9445,2037.34,22.0019900234897,38.0194357201298,60.0214257436195,"single","Pda"
"108",2019-08-05,"11","1","PdaB2","Pocillopora","Pocilloporidae",2,"35.5",741.9337,1020.3672,1762.3009,7.01,7.45,7.8,7.22,39.7983,4132.81,18.6423465323896,25.6384619443544,44.280808476744,"single","Pda"
"109",2019-08-05,"11","1","PdaD2","Pocillopora","Pocilloporidae",3,"35.5",607.7945,680.2448,1288.0393,7.01,7.39,7.33,6.92,26.9432,4223.72,22.5583635202945,25.2473648267466,47.8057283470412,"single","Pda"
"110",2019-08-05,"11","1","AcyB3","Acropora","Acroporidae",4,"35.5",280.4039,385.1386,665.5425,7.02,7.22,7.16,6.88,13.4686,1264.39,20.8190829039395,28.5952957248712,49.4143786288107,"single","Acy"
"111",2019-08-05,"11","1","AcyD2","Acropora","Acroporidae",5,"35.5",199.0913,169.7385,368.8298,7.01,7.17,7.08,6.92,20.8642,2170.66,9.54224461038525,8.13539459936159,17.6776392097468,"single","Acy"
"112",2019-08-05,"11","1","AcyA2","Acropora","Acroporidae",6,"35.5",216.7447,227.8239,444.5686,6.98,7.15,7.08,6.89,22.4039,1896.82,9.67441829324359,10.1689393364548,19.8433576296984,"single","Acy"
"113",2019-08-05,"11","1","PcyB2","Porites","Poritidae",7,"35.5",269.7049,300.108,569.8129,6.99,7.19,7.07,6.85,17.8277,3394.96,15.1284181358223,16.833803575335,31.9622217111574,"single","Pcy"
"114",2019-08-05,"11","1","PcyC3","Porites","Poritidae",8,"35.5",287.3583,305.2711,592.6294,6.98,7.19,7.06,6.83,17.1689,3570.06,16.7371409933077,17.7804693369989,34.5176103303065,"single","Pcy"
"115",2019-08-05,"11","1","PcyA2","Porites","Poritidae",9,"35.5",233.4173,280.1008,513.5181,6.97,7.16,6.97,6.76,19.899,3782.54,11.7301020151766,14.0761244283632,25.8062264435399,"single","Pcy"
"116",2019-08-05,"11","2","PdaA4","Pocillopora","Pocilloporidae",1,"35.5",309.5232,254.2091,563.7323,7.02,7.21,7.15,6.97,16.2451,1787.41,19.0533268493269,15.6483555041212,34.7016823534481,"single","Pda"
"117",2019-08-05,"11","2","PdaB4","Pocillopora","Pocilloporidae",2,"35.5",858.7531,320.0393,1178.7924,7.08,7.56,7.39,7.17,31.8182,3352.75,26.9893677203613,10.0583722523587,37.04773997272,"single","Pda"
"118",2019-08-05,"11","2","PdaD4","Pocillopora","Pocilloporidae",3,"35.5",717.1699,456.782,1173.9519,7.11,7.53,7.27,6.97,30.7342,3921.35,23.3345881786414,14.8623357692733,38.1969239479147,"single","Pda"
"119",2019-08-05,"11","2","AcyB4","Acropora","Acroporidae",4,"35.5",435.8186,294.2235,730.0421,7.11,7.38,7.17,6.95,15.5753,1360.59,27.9813936168164,18.890390554275,46.8717841710914,"single","Acy"
"120",2019-08-05,"11","2","AcyD3","Acropora","Acroporidae",5,"35.5",220.4002,211.8409,432.2411,7.1,7.26,7.15,6.97,17.1199,1615.04,12.8739186560669,12.3739566235784,25.2478752796453,"single","Acy"
"121",2019-08-05,"11","2","AcyA3","Acropora","Acroporidae",6,"35.5",229.4944,694.3675,923.8619,7.1,7.27,7.19,6.75,22.571,1979.76,10.1676664746799,30.7637012095166,40.9313676841965,"single","Acy"
"122",2019-08-05,"11","2","PcyB4","Porites","Poritidae",7,"35.5",176.5341,203.2817,379.8158,7.1,7.24,7.09,6.92,12.0131,2023.94,14.6951328133454,16.9216688448444,31.6168016581898,"single","Pcy"
"123",2019-08-05,"11","2","PcyC4","Porites","Poritidae",8,"35.5",194.1875,141.2273,335.4148,7.08,7.23,7.05,6.91,13.2236,2651.41,14.6849193865513,10.6799434344657,25.364862821017,"single","Pcy"
"124",2019-08-05,"11","2","PcyA4","Porites","Poritidae",9,"35.5",176.5341,185.0933,361.6274,7.07,7.21,7.01,6.85,12.5349,1991.13,14.0834071273006,14.7662366672251,28.8496437945257,"single","Pcy"
"125",2019-08-05,"11","3","PdaA1","Pocillopora","Pocilloporidae",1,"35.5",844.5144,267.8383,1112.3527,7.01,7.44,7.41,7.16,21.6293,2160.07,39.0449251709487,12.3831238181541,51.4280489891027,"single","Pda"
"126",2019-08-05,"11","3","PdaB1","Pocillopora","Pocilloporidae",2,"35.5",1257.3903,630.4688,1887.8591,7.07,7.77,7.68,7.22,34.6448,3583.01,36.2937670299727,18.1980787881587,54.4918458181314,"single","Pda"
"127",2019-08-05,"11","3","PdaD1","Pocillopora","Pocilloporidae",3,"35.5",813.9152,387.2361,1201.1513,7.09,7.56,7.46,7.14,30.2213,3909.65,26.9318394642189,12.8133501867888,39.7451896510077,"single","Pda"
"128",2019-08-05,"11","3","AcyB1","Acropora","Acroporidae",4,"35.5",430.0796,212.9799,643.0595,7.1,7.36,7.26,7.03,12.938,1228.35,33.2415829339929,16.461578296491,49.7031612304839,"single","Acy"
"129",2019-08-05,"11","3","AcyA1","Acropora","Acroporidae",6,"35.5",250.9675,154.8945,405.862,7.09,7.25,7.16,6.96,24.5063,2597.61,10.2409380445028,6.32059919286061,16.5615372373635,"single","Acy"
"130",2019-08-05,"11","3","PcyB1","Porites","Poritidae",7,"35.5",259.9798,147.7951,407.7749,7.09,7.26,7.13,6.94,17.1381,3952.57,15.1696979245074,8.62377393059908,23.7934718551065,"single","Pcy"
"131",2019-08-05,"11","3","PcyC1","Porites","Poritidae",8,"35.5",308.6459,193.6181,502.264,7.09,7.29,7.17,6.95,19.0542,4269.74,16.1983132327781,10.1614394726622,26.3597527054403,"single","Pcy"
"132",2019-08-05,"11","3","PcyA1","Porites","Poritidae",9,"35.5",130.2033,174.2563,304.4596,7.08,7.17,7.11,6.9,13.109,1928.61,9.93235944770768,13.2928751239606,23.2252345716683,"single","Pcy"
"133",2019-08-06,"12","1","SpiA2","Stylophora","Pocilloporidae",1,"35.6",212.2474,920.3312,1132.5786,7.06,7.19,7.4,6.83,27.2464,4425.26,7.78992454048975,33.7780844441835,41.5680089846732,"single","Spi"
"134",2019-08-06,"12","1","SpiB2","Stylophora","Pocilloporidae",2,"35.6",805.0744,748.0111,1553.0855,6.95,7.41,7.41,6.91,43.7361,7491.94,18.4075489126831,17.102830384968,35.5103792976511,"single","Spi"
"135",2019-08-06,"12","1","SpiD2","Stylophora","Pocilloporidae",3,"35.6",750.5093,728.6493,1479.1586,7,7.43,7.48,6.99,27.2023,5102.41,27.5899207052345,26.7863121868371,54.3762328920716,"single","Spi"
"136",2019-08-06,"12","1","MdiC3","Montipora","Acroporidae",4,"35.6",894.4572,1309.5035,2203.9607,6.98,7.52,7.83,7.04,28.9036,4363.37,30.9462212319573,45.3058961513445,76.2521173833017,"single","Mdi"
"137",2019-08-06,"12","1","MdiA3","Montipora","Acroporidae",5,"35.6",1065.9475,640.2304,1706.1779,6.95,7.59,7.53,7.1,26.013,3762.38,40.9774920232192,24.6119401837543,65.5894322069734,"single","Mdi"
"138",2019-08-06,"12","1","MdiD3","Montipora","Acroporidae",6,"35.6",909.2888,420.1512,1329.44,6.91,7.49,7.33,7.01,26.3054,3571.41,34.5666213020901,15.9720513658793,50.5386726679693,"single","Mdi"
"139",2019-08-06,"12","1","PruD3","Porites","Poritidae",7,"35.6",519.9595,80.0288,599.9883,6.93,7.27,7.07,6.92,15.6084,4211.4,33.3127995182081,5.1272904333564,38.4400899515645,"single","Pru"
"140",2019-08-06,"12","1","PruA3","Porites","Poritidae",9,"35.6",236.9274,180.0648,416.9922,6.93,7.1,7.04,6.84,18.6408,5379.15,12.7101519248101,9.65971417535728,22.3698661001674,"single","Pru"
"141",2019-08-06,"12","2","SpiA4","Stylophora","Pocilloporidae",1,"35.6",1097.0615,1328.2199,2425.2814,7.12,7.66,7.8,7.02,39.6715,6484.63,27.6536430434947,33.4804557427876,61.1340987862823,"single","Spi"
"142",2019-08-06,"12","2","SpiB3","Stylophora","Pocilloporidae",2,"35.6",992.0237,926.6961,1918.7198,7.1,7.62,7.62,7.06,25.3771,5065.74,39.0912949076136,36.5170212514432,75.6083161590568,"single","Spi"
"143",2019-08-06,"12","2","SpiD4","Stylophora","Pocilloporidae",3,"35.6",1142.0777,888.0615,2030.1392,7.14,7.74,7.65,7.09,28.5014,6490.73,40.0709333576596,31.1585220375139,71.2294553951736,"single","Spi"
"144",2019-08-06,"12","2","MdiC4","Montipora","Acroporidae",4,"35.6",926.0908,547.9391,1474.0299,7.13,7.63,7.41,7.02,21.3267,3411.4,43.4240084026127,25.6926341159204,69.1166425185331,"single","Mdi"
"145",2019-08-06,"12","2","MdiA4","Montipora","Acroporidae",5,"35.6",1040.5705,716.3868,1756.9573,7.05,7.63,7.42,6.93,30.3893,4938.8,34.2413448154449,23.5736525685027,57.8149973839476,"single","Mdi"
"146",2019-08-06,"12","2","MdiD4","Montipora","Acroporidae",6,"35.6",1534.8661,988.7874,2523.6535,6.99,7.85,7.58,6.99,37.309,4987.15,41.1392988287009,26.5026508349192,67.64194966362,"single","Mdi"
"147",2019-08-06,"12","2","PruD4","Porites","Poritidae",7,"35.6",788.379,471.3598,1259.7388,7.02,7.47,7.23,6.89,17.8523,5232.45,44.1612005175804,26.4033093775032,70.5645098950835,"single","Pru"
"148",2019-08-06,"12","2","PruE4","Porites","Poritidae",8,"35.6",369.7409,407.8887,777.6296,7.04,7.24,7.16,6.84,17.5779,5018.48,21.034418218331,23.2046319526223,44.2390501709533,"single","Pru"
"149",2019-08-06,"12","2","PruA4","Porites","Poritidae",9,"35.6",405.0477,287.8455,692.8932,7.05,7.27,7.12,6.86,16.0989,4438.52,25.1599612395878,17.87982408736,43.0397853269478,"single","Pru"
"150",2019-08-06,"12","3","SpiA1","Stylophora","Pocilloporidae",1,"35.6",963.6801,940.3384,1904.0185,7.06,7.6,7.76,7.2,27.1892,4553.5,35.4434885910582,34.5849969840966,70.0284855751548,"single","Spi"
"151",2019-08-06,"12","3","SpiB1","Stylophora","Pocilloporidae",2,"35.6",1496.3718,1100.396,2596.7678,7.16,8.02,8.14,7.5,41.0438,8694.19,36.457925435754,26.8102855973375,63.2682110330915,"single","Spi"
"152",2019-08-06,"12","3","SpiD1","Stylophora","Pocilloporidae",3,"35.6",1520.2441,1001.0054,2521.2495,7.17,8.07,8.04,7.43,24.7064,4033.11,61.5324005116083,40.5160363306674,102.048436842276,"single","Spi"
"153",2019-08-06,"12","3","MdiC1","Montipora","Acroporidae",4,"35.6",1229.2302,516.9602,1746.1904,7.18,7.92,7.71,7.35,24.5403,3275.81,50.0902678451364,21.0657652921928,71.1560331373292,"single","Mdi"
"154",2019-08-06,"12","3","MdiA1","Montipora","Acroporidae",5,"35.6",1174.6652,187.8095,1362.4747,7.15,7.86,7.51,7.32,27.9491,3894.93,42.0287307999184,6.71969759312465,48.7484283930431,"single","Mdi"
"155",2019-08-06,"12","3","MdiD1","Montipora","Acroporidae",6,"35.6",1265.607,265.2567,1530.8637,7.16,7.92,7.53,7.3,33.7694,3358.81,37.4779238008374,7.85494264037857,45.332866441216,"single","Mdi"
"156",2019-08-06,"12","3","PruD1","Porites","Poritidae",7,"35.6",592.6375,-5.8085,586.829,7.13,7.52,7.31,7.22,14.9676,4196.06,39.5946911996579,-0.388071567920041,39.2066196317379,"single","Pru"
"157",2019-08-06,"12","3","PruE2","Porites","Poritidae",8,"35.6",377.5869,71.6387,449.2256,7.15,7.43,7.23,7.1,17.0074,4773.74,22.2013300092901,4.21220762726813,26.4135376365582,"single","Pru"
"158",2019-08-06,"12","3","PruA1","Porites","Poritidae",9,"35.6",465.8539,120.0432,585.8971,7.14,7.47,7.21,7.06,21.6076,7024.71,21.559724356245,5.55560080712342,27.1153251633684,"single","Pru"
"159",2019-08-09,"15","1","PveF4","Pocillopora","Pocilloporidae",1,"35.6",310.1116,1231.6933,1541.8049,6.9,7.13,7.44,6.74,34.4289,9306.9,9.00730490953821,35.7749826453938,44.782287554932,"single","Pve"
"160",2019-08-09,"15","1","PveA4","Pocillopora","Pocilloporidae",2,"35.6",377.4085,631.4772,1008.8857,6.95,7.24,7.18,6.78,31.2468,7632.38,12.078308818823,20.2093398363993,32.2876486552223,"single","Pve"
"161",2019-08-09,"15","1","PveB4","Pocillopora","Pocilloporidae",3,"35.6",450.162,760.556,1210.718,6.95,7.28,7.2,6.72,29.7212,7337.84,15.1461582977807,25.5896800936705,40.7358383914512,"single","Pve"
"162",2019-08-09,"15","1","AmuD3","Acropora","Acroporidae",4,"35.6",300.108,199.0636,499.1716,6.96,7.2,7.14,6.95,18.3003,2372.24,16.399075424993,10.8776140281853,27.2766894531784,"single","Amu"
"163",2019-08-09,"15","1","AmuB4","Acropora","Acroporidae",5,"35.6",50.018,160.34,210.358,6.96,7.07,7.03,6.86,17.0438,1723.43,2.93467419237494,9.40752649057135,12.3422006829463,"single","Amu"
"164",2019-08-09,"15","1","AmuA3","Acropora","Acroporidae",6,"35.6",286.4667,528.2143,814.681,6.97,7.21,7.19,6.83,26.7264,3689.56,10.7184918283046,19.7637654154694,30.482257243774,"single","Amu"
"165",2019-08-09,"15","1","PloB3","Porites","Poritidae",7,"35.6",227.2246,412.0434,639.268,6.96,7.18,7.11,6.81,16.2556,8125.29,13.9782351927951,25.3477816875415,39.3260168803366,"single","Plo"
"166",2019-08-09,"15","1","PloC3","Porites","Poritidae",8,"35.6",175.7775,160.34,336.1175,6.95,7.14,7.02,6.85,13.2414,6696.01,13.2748425393085,12.1089914963675,25.383834035676,"single","Plo"
"167",2019-08-09,"15","1","PloD3","Porites","Poritidae",9,"35.6",175.7775,93.7838,269.5613,6.94,7.13,6.98,6.84,13.6231,6560.56,12.9029002209482,6.88417467389948,19.7870748948477,"single","Plo"
"168",2019-08-09,"15","2","PveF1","Pocillopora","Pocilloporidae",1,"35.6",961.5225,1426.3197,2387.8422,6.91,7.47,7.76,6.96,41.823,11350.44,22.9902804676852,34.103715658848,57.0939961265332,"single","Pve"
"169",2019-08-09,"15","2","PveA1","Pocillopora","Pocilloporidae",2,"35.6",1004.0378,1122.9848,2127.0226,6.98,7.6,7.69,7.02,30.152,6253.43,33.2992106659591,37.2441231095781,70.5433337755373,"single","Pve"
"170",2019-08-09,"15","2","PveB1","Pocillopora","Pocilloporidae",3,"35.6",1077.928,929.3667,2007.2947,7.01,7.69,7.56,6.99,37.8149,10269.1,28.5053775099233,24.5767329809149,53.0821104908383,"single","Pve"
"171",2019-08-09,"15","2","AmuD1","Acropora","Acroporidae",4,"35.6",760.2,425.9597,1186.1597,7.01,7.5,7.32,7.02,14.5402,2048.4,52.2826371026533,29.2953123065707,81.5779494092241,"single","Amu"
"172",2019-08-09,"15","2","AmuB1","Acropora","Acroporidae",5,"35.6",535.119,65.8301,600.9491,7.02,7.39,7.17,7.05,19.1996,2005.3,27.871361903373,3.42872247338486,31.3000843767579,"single","Amu"
"173",2019-08-09,"15","2","AmuA1","Acropora","Acroporidae",6,"35.6",300.108,145.8589,445.9669,7.03,7.29,7.15,6.99,17.9878,2135.85,16.6839746939592,8.10876816508967,24.7927428590489,"single","Amu"
"174",2019-08-09,"15","2","PloB1","Porites","Poritidae",7,"35.6",353.0682,265.9021,618.9703,7.02,7.31,7.17,6.95,14.7412,7767.71,23.9511165983773,18.0380226847204,41.9891392830977,"single","Plo"
"175",2019-08-09,"15","2","PloC1","Porites","Poritidae",8,"35.6",370.7216,251.7035,622.4251,7.04,7.34,7.15,6.93,18.9363,10590.79,19.5772986275038,13.2921162001024,32.8694148276062,"single","Plo"
"176",2019-08-09,"15","2","PloD1","Porites","Poritidae",9,"35.6",353.0682,232.3417,585.4099,7.01,7.3,7.18,6.97,12.9121,6014.02,27.3439796779765,17.9941063033898,45.3380859813663,"single","Plo"
"177",2019-08-09,"15","3","PveF3","Pocillopora","Pocilloporidae",1,"35.6",839.5983,1378.678,2218.2763,6.95,7.44,7.68,6.9,31.1532,7342.34,26.9506278648742,44.2547796053054,71.2054074701796,"single","Pve"
"178",2019-08-09,"15","3","PveA2","Pocillopora","Pocilloporidae",2,"35.6",828.7073,495.7796,1324.4869,7.01,7.51,7.28,6.93,24.76,5715.49,33.4696001615509,20.023408723748,53.4930088852989,"single","Pve"
"179",2019-08-09,"15","3","PveB3","Pocillopora","Pocilloporidae",3,"35.6",678.6533,476.4178,1155.0711,7,7.42,7.26,6.92,29.7634,8293.31,22.8016053273484,16.006833896665,38.8084392240134,"single","Pve"
"180",2019-08-09,"15","3","AmuD2","Acropora","Acroporidae",4,"35.6",453.5723,244.0761,697.6484,7.02,7.32,7.15,6.93,13.5322,1804.99,33.5180015075154,18.036690264702,51.5546917722174,"single","Amu"
"181",2019-08-09,"15","3","AmuB2","Acropora","Acroporidae",5,"35.6",115.9508,69.8198,185.7706,6.99,7.11,7.06,6.93,13.9673,1609.52,8.30159014269043,4.99880435016073,13.3003944928512,"single","Amu"
"182",2019-08-09,"15","3","AmuA2","Acropora","Acroporidae",6,"35.6",472.8975,50.458,523.3555,7,7.32,7.09,6.97,20.8248,2802.66,22.7083813530022,2.42297645115439,25.1313578041566,"single","Amu"
"183",2019-08-09,"15","3","PloB2","Porites","Poritidae",7,"35.6",327.3905,147.2671,474.6576,7.01,7.25,7.12,6.95,12.8531,6589.43,25.4717149948262,11.4577105912192,36.9294255860454,"single","Plo"
"184",2019-08-09,"15","3","PloC2","Porites","Poritidae",8,"35.6",381.9556,185.9907,567.9463,7,7.27,7.11,6.92,18.4362,8940.17,20.7176967053948,10.0883425000814,30.8060392054762,"single","Plo"
"185",2019-08-09,"15","3","PloD2","Porites","Poritidae",9,"35.6",272.8255,155.7379,428.5634,7,7.21,7.05,6.87,13.4769,5949.39,20.2439359199816,11.555914193917,31.7998501138986,"single","Plo"
"186",2019-08-10,"16","1","PdaA4","Pocillopora","Pocilloporidae",1,"35.4",271.0066,508.9332,779.9398,7.01,7.2,7.34,7.02,16.2451,1787.41,16.682359603819,31.328412875267,48.010772479086,"single","Pda"
"187",2019-08-10,"16","1","PdaB4","Pocillopora","Pocilloporidae",2,"35.4",831.2082,588.962,1420.1702,6.99,7.46,7.45,7.09,31.8182,3352.75,26.1236713579021,18.5102237084436,44.6338950663457,"single","Pda"
"188",2019-08-10,"16","1","PdaD4","Pocillopora","Pocilloporidae",3,"35.4",587.8949,588.962,1176.8569,7.01,7.37,7.24,6.88,30.7342,3921.35,19.1283618900118,19.1630821690495,38.2914440590612,"single","Pda"
"189",2019-08-10,"16","1","AcyB4","Acropora","Acroporidae",4,"35.4",316.8296,508.9332,825.7628,7.02,7.24,7.17,6.85,15.5753,1360.59,20.3417975897736,32.675659537858,53.0174571276316,"single","Acy"
"190",2019-08-10,"16","1","AcyD3","Acropora","Acroporidae",5,"35.4",258.7441,255.9389,514.683,7.01,7.2,7.1,6.9,17.1199,1615.04,15.1136455236304,14.9497894263401,30.0634349499705,"single","Acy"
"191",2019-08-10,"16","1","AcyA3","Acropora","Acroporidae",6,"35.4",258.7441,391.4715,650.2156,7,7.19,7.16,6.89,22.571,1979.76,11.4635638651367,17.3440033671525,28.8075672322892,"single","Acy"
"192",2019-08-10,"16","1","PcyB4","Porites","Poritidae",7,"35.4",161.9351,300.108,462.0431,7.01,7.15,7.09,6.86,12.0131,2023.94,13.4798761352191,24.981728279961,38.4616044151801,"single","Pcy"
"193",2019-08-10,"16","1","PcyC4","Porites","Poritidae",8,"35.4",190.9778,187.5675,378.5453,6.98,7.14,7,6.83,13.2236,2651.41,14.4421942587495,14.1842992830999,28.6264935418494,"single","Pcy"
"194",2019-08-10,"16","1","PcyA4","Porites","Poritidae",9,"35.4",115.9508,206.3243,322.2751,6.99,7.11,6.98,6.8,12.5349,1991.13,9.25023733735411,16.4599877143017,25.7102250516558,"single","Pcy"
"195",2019-08-10,"16","2","PdaA1","Pocillopora","Pocilloporidae",1,"35.4",377.2786,800.288,1177.5666,7.06,7.3,7.44,7.04,21.6293,2160.07,17.4429408256393,37.0001803109671,54.4431211366064,"single","Pda"
"196",2019-08-10,"16","2","PdaB1","Pocillopora","Pocilloporidae",2,"35.4",1116.8996,840.3024,1957.202,7.1,7.73,7.7,7.28,34.6448,3583.01,32.2385928046922,24.254791483859,56.4933842885512,"single","Pda"
"197",2019-08-10,"16","2","PdaD1","Pocillopora","Pocilloporidae",3,"35.4",751.9589,320.1152,1072.0741,7.11,7.58,7.42,7.26,30.2213,3909.65,24.8817522740584,10.5923702818873,35.4741225559456,"single","Pda"
"198",2019-08-10,"16","2","AcyB1","Acropora","Acroporidae",4,"35.4",333.6266,360.1296,693.7562,7.13,7.37,7.3,7.12,12.938,1228.35,25.7865667027361,27.8350285979286,53.6215953006647,"single","Acy"
"199",2019-08-10,"16","2","AcyD1","Acropora","Acroporidae",5,"35.4",151.7429,220.0792,371.8221,7.13,7.27,7.18,7.07,17.3011,1697.72,8.77070822086457,12.7205322204947,21.4912404413592,"single","Acy"
"200",2019-08-10,"16","2","AcyA1","Acropora","Acroporidae",6,"35.4",188.1196,364.4169,552.5365,7.13,7.29,7.26,7.09,24.5063,2597.61,7.67637709486948,14.8703353831464,22.5467124780159,"single","Acy"
"201",2019-08-10,"16","2","PcyB1","Porites","Poritidae",7,"35.4",285.4809,278.6717,564.1526,7.11,7.33,7.17,7.04,17.1381,3952.57,16.6576750048138,16.2603614169599,32.9180364217737,"single","Pcy"
"202",2019-08-10,"16","2","PcyC1","Porites","Poritidae",8,"35.4",338.4411,235.7991,574.2402,7.03,7.28,7.11,7,19.0542,4269.74,17.7620209717543,12.3751771263029,30.1371980980571,"single","Pcy"
"203",2019-08-10,"16","2","PcyA1","Porites","Poritidae",9,"35.4",179.5604,321.5443,501.1047,7.08,7.24,7.09,6.94,13.109,1928.61,13.6974902738577,24.5285147608513,38.226005034709,"single","Pcy"
"204",2019-08-10,"16","2","PloB1","Porites","Poritidae",11,"35.4",154.3413,200.072,354.4133,7.08,7.23,7.08,6.98,14.7412,7767.71,10.4700634955092,13.5723007624888,24.042364257998,"single","Plo"
"205",2019-08-10,"16","3","PdaA2","Pocillopora","Pocilloporidae",1,"35.4",120.0432,400.144,520.1872,7.08,7.19,7.15,6.91,18.9445,2037.34,6.33657262002164,21.1219087334055,27.4584813534271,"single","Pda"
"206",2019-08-10,"16","3","PdaB2","Pocillopora","Pocilloporidae",2,"35.4",1177.8432,768.5524,1946.3956,7.1,7.76,7.6,7.19,39.7983,4132.81,29.5953143727245,19.3111866587266,48.9065010314511,"single","Pda"
"207",2019-08-10,"16","3","PdaD2","Pocillopora","Pocilloporidae",3,"35.4",800.288,860.3096,1660.5976,7.12,7.6,7.48,7.01,26.9432,4223.72,29.7027821491137,31.9304908102972,61.6332729594109,"single","Pda"
"208",2019-08-10,"16","3","AcyB3","Acropora","Acroporidae",4,"35.4",500.18,480.1728,980.3528,7.13,7.45,7.3,7.02,13.4686,1264.39,37.1367476946379,35.6512777868524,72.7880254814903,"single","Acy"
"209",2019-08-10,"16","3","AcyD2","Acropora","Acroporidae",5,"35.4",209.1662,340.1224,549.2886,7.14,7.31,7.21,7,20.8642,2170.66,10.0251243757249,16.3017225678435,26.3268469435684,"single","Acy"
"210",2019-08-10,"16","3","AcyA2","Acropora","Acroporidae",6,"35.4",354.6731,320.1152,674.7883,7.1,7.35,7.22,7.02,22.4039,1896.82,15.8308642691674,14.2883694356786,30.119233704846,"single","Acy"
"211",2019-08-10,"16","3","PcyB2","Porites","Poritidae",7,"35.4",305.9925,260.0936,566.0861,7.1,7.33,7.18,7.01,17.8277,3394.96,17.1638798050225,14.589296431957,31.7531762369795,"single","Pcy"
"212",2019-08-10,"16","3","PcyC3","Porites","Poritidae",8,"35.4",235.3788,120.0432,355.422,7.09,7.28,7.07,6.97,17.1689,3570.06,13.7096028283699,6.99189814140685,20.7015009697767,"single","Pcy"
"213",2019-08-10,"16","3","PcyA2","Porites","Poritidae",9,"35.4",182.4186,220.0792,402.4978,7.1,7.26,7.06,6.91,19.899,3782.54,9.16722448364239,11.0598120508568,20.2270365344992,"single","Pcy"
"214",2019-07-26,"4","1","PveF1_PveF3_PveF4","Pocillopora","Pocilloporidae",1,"34.6",1980.7128,3742.5969,5723.3097,6.8,7.84,8.91,6.88,107.4051,27999.68,18.4415153470366,34.8456162696185,53.2871316166551,"biomass","Pve_Pve_Pve"
"215",2019-07-26,"4","1","PdaA1_PdaA2_PdaA4","Pocillopora","Pocilloporidae",2,"34.6",1700.612,1861.9201,3562.5321,6.85,7.84,8.06,6.97,56.8189,5984.82,29.930392879834,32.7693795550424,62.6997724348764,"biomass","Pda_Pda_Pda"
"216",2019-07-26,"4","1","SpiA1_SpiA2_SpiA4","Stylophora","Pocilloporidae",3,"34.6",1569.3147,3042.3449,4611.6596,6.87,7.76,7.95,6.27,94.1071,15463.39,16.6758374235313,32.3285373792201,49.0043748027513,"biomass","Spi_Spi_Spi"
"217",2019-07-26,"4","1","AmuD1_AmuD2_AmuD3","Acropora","Acroporidae",4,"34.6",1006.6123,1031.6213,2038.2336,6.85,7.44,7.53,6.81,46.3727,6225.63,21.707002180162,22.2463065553655,43.9533087355276,"biomass","Amu_Amu_Amu"
"218",2019-07-26,"4","1","AcyB1_AcyB3_AcyB4","Acropora","Acroporidae",5,"34.6",706.5043,543.9458,1250.4501,6.85,7.28,7.33,6.87,41.9819,3853.33,16.828783356637,12.9566741857801,29.7854575424171,"biomass","Acy_Acy_Acy"
"219",2019-07-26,"4","1","MdiC1_MdiC3_MdiC4","Montipora","Acroporidae",6,"34.6",1588.0715,1191.3562,2779.4277,6.85,7.75,7.81,7.03,74.7706,11050.58,21.2392504540555,15.9334845514146,37.1727350054701,"biomass","Mdi_Mdi_Mdi"
"220",2019-07-26,"4","1","PloB1_PloB2_PloB3","Porites","Poritidae",7,"34.6",1066.0979,1061.6321,2127.73,6.84,7.52,7.32,6.63,43.8499,22482.43,24.3124362883382,24.2105934107033,48.5230296990415,"biomass","Plo_Plo_Plo"
"221",2019-07-26,"4","1","PcyB1_PcyB2_PcyB4","Porites","Poritidae",8,"34.6",808.8625,693.9998,1502.8623,6.84,7.37,7.13,6.59,46.9789,9371.47,17.217570015475,14.7725851392859,31.990155154761,"biomass","Pcy_Pcy_Pcy"
"222",2019-07-26,"4","1","PruD1_PruD3_PruD4","Porites","Poritidae",9,"34.6",700.252,543.9458,1244.1978,6.83,7.31,7.04,6.58,48.4283,13639.91,14.4595618677509,11.2319821261535,25.6915439939044,"biomass","Pru_Pru_Pru"
"223",2019-07-26,"4","2","PveA1_PveA2_PveA4","Pocillopora","Pocilloporidae",1,"34.6",2097.0337,1860.6696,3957.7033,6.88,7.97,9.05,7.92,86.1588,19601.3,24.3391702298546,21.5958160977172,45.9349863275719,"biomass","Pve_Pve_Pve"
"224",2019-07-26,"4","2","PdaB1_PdaB2_PdaB4","Pocillopora","Pocilloporidae",2,"34.6",2571.75,2558.0634,5129.8134,6.96,8.42,9.58,8.2,106.2613,11068.57,24.2021319144411,24.0733305540211,48.2754624684622,"biomass","Pda_Pda_Pda"
"225",2019-07-26,"4","2","SpiB1_SpiB2_SpiB3","Stylophora","Pocilloporidae",3,"34.6",2617.2209,3067.7707,5684.9916,6.93,8.46,9.06,7.5,110.157,21251.87,23.7590066904509,27.8490763183456,51.6080830087965,"biomass","Spi_Spi_Spi"
"226",2019-07-26,"4","2","AmuB1_AmuB2_AmuB4","Acropora","Acroporidae",4,"34.6",745.9593,320.1152,1066.0745,6.93,7.4,7.5,7.2,50.2107,5338.25,14.8565803703195,6.37543790466972,21.2320182749892,"biomass","Amu_Amu_Amu"
"227",2019-07-26,"4","2","MdiA1_MdiA3_MdiA4","Montipora","Acroporidae",5,"34.6",2171.1144,2225.801,4396.9154,6.92,8.31,8.58,7.53,84.3514,12596.11,25.7389254950125,26.3872443136688,52.1261698086813,"biomass","Mdi_Mdi_Mdi"
"228",2019-07-26,"4","2","PloC1_PloC2_PloC3","Porites","Poritidae",6,"34.6",1301.3628,565.4209,1866.7837,6.91,7.81,7.63,7.26,50.6139,26226.97,25.7115693515023,11.1712573028358,36.882826654338,"biomass","Plo_Plo_Plo"
"229",2019-07-26,"4","2","PcyC1_PcyC3_PcyC4","Porites","Poritidae",7,"34.6",970.2868,780.2808,1750.5676,6.89,7.61,7.44,6.85,49.4467,10491.21,19.6228828213005,15.78024013736,35.4031229586605,"biomass","Pcy_Pcy_Pcy"
"230",2019-07-26,"4","2","PruE2_PruE3_PruE4","Porites","Poritidae",8,"34.6",773.7004,500.18,1273.8804,6.88,7.48,7.24,6.79,49.5902,13652.48,15.6018810168138,10.0862670446983,25.6881480615122,"biomass","Pru_Pru_Pru"
"231",2019-07-26,"4","2","AcyD1_AcyD2_AcyD3","Acropora","Acroporidae",9,"34.6",413.989,344.9517,758.9407,6.88,7.22,7.11,6.75,55.2852,5483.42,7.4882427846874,6.23949447591761,13.727737260605,"biomass","Acy_Acy_Acy"
"232",2019-07-26,"4","3","PveB1_PveB3_PveB4","Pocillopora","Pocilloporidae",1,"34.6",1547.0432,3339.2662,4886.3094,6.8,7.63,8.8,6.86,97.2995,25900.25,15.8998062682748,34.3194589900256,50.2192652583004,"biomass","Pve_Pve_Pve"
"233",2019-07-26,"4","3","PdaD1_PdaD2_PdaD4","Pocillopora","Pocilloporidae",2,"34.6",1311.9586,1898.7478,3210.7064,6.81,7.57,7.87,6.65,87.8987,12054.72,14.9258020880855,21.6015458704167,36.5273479585022,"biomass","Pda_Pda_Pda"
"234",2019-07-26,"4","3","SpiD1_SpiD2_SpiD4","Stylophora","Pocilloporidae",3,"34.6",1837.1476,1665.1154,3502.263,6.88,7.92,8.22,7.08,80.4101,15626.25,22.8472244158383,20.7077891956359,43.5550136114742,"biomass","Spi_Spi_Spi"
"235",2019-07-26,"4","3","AmuA1_AmuA2_AmuA3","Acropora","Acroporidae",4,"34.6",1598.8266,1258.5174,2857.344,6.86,7.83,8.07,7.11,65.539,8628.07,24.3950411205542,19.2025725140756,43.5976136346298,"biomass","Amu_Amu_Amu"
"236",2019-07-26,"4","3","AcyA1_AcyA2_AcyA3","Acropora","Acroporidae",5,"34.6",1250.5729,1026.1757,2276.7486,6.89,7.64,7.77,6.96,69.4812,6474.19,17.9987233956811,14.769113083827,32.7678364795081,"biomass","Acy_Acy_Acy"
"237",2019-07-26,"4","3","MdiD1_MdiD3_MdiD4","Montipora","Acroporidae",6,"34.6",2681.2014,1142.3466,3823.548,6.86,8.35,7.92,7.05,97.3838,11917.37,27.5323144095835,11.7303555622188,39.2626699718023,"biomass","Mdi_Mdi_Mdi"
"238",2019-07-26,"4","3","PloD1_PloD2_PloD3","Porites","Poritidae",7,"34.6",1510.5595,778.3446,2288.9041,6.8,7.72,7.52,6.86,40.0121,18523.97,37.7525673483771,19.4527305490089,57.205297897386,"biomass","Plo_Plo_Plo"
"239",2019-07-26,"4","3","PcyA1_PcyA2_PcyA4","Porites","Poritidae",8,"34.6",920.151,658.3014,1578.4524,6.82,7.44,7.2,6.6,45.5429,7702.28,20.2040493688369,14.4545340766618,34.6585834454986,"biomass","Pcy_Pcy_Pcy"
"240",2019-07-26,"4","3","PruA1_PruA3_PruA4","Porites","Poritidae",9,"34.6",803.4423,464.6834,1268.1257,6.8,7.35,7.13,6.61,56.3473,16842.38,14.2587541905291,8.24677313731093,22.50552732784,"biomass","Pru_Pru_Pru"
"241",2019-07-29,"5","1","PveF1_PveA1_PveB1","Pocillopora","Pocilloporidae",1,"35",2691.2388,2751.3127,5442.5515,6.81,8.22,9.05,7.52,109.7899,27872.97,24.5126263891305,25.0597978502576,49.5724242393881,"conspecific","Pve_Pve_Pve"
"242",2019-07-29,"5","1","PdaA1_PdaB1_PdaD1","Pocillopora","Pocilloporidae",2,"35",2367.8966,2211.1183,4579.0149,6.88,8.17,8.8,7.54,86.4954,9652.73,27.375983000252,25.5634207137027,52.9394037139547,"conspecific","Pda_Pda_Pda"
"243",2019-07-29,"5","1","SpiA2_SpiB2_SpiD2","Stylophora","Pocilloporidae",3,"35",2406.6202,2231.1255,4637.7457,6.88,8.19,8.66,7.39,98.1848,17019.61,24.511127995372,22.7237362606025,47.2348642559745,"conspecific","Spi_Spi_Spi"
"244",2019-07-29,"5","1","AmuD1_AmuB1_AmuA1","Acropora","Acroporidae",4,"35",1390.7708,1139.0083,2529.7791,6.91,7.67,7.93,7.23,51.7276,6189.55,26.8864358678926,22.0193533046188,48.9057891725114,"conspecific","Amu_Amu_Amu"
"245",2019-07-29,"5","1","AcyB1_AcyD1_AcyA1","Acropora","Acroporidae",5,"35",770.5476,76.0642,846.6118,6.91,7.39,7.22,7.04,54.7454,5523.68,14.075111333555,1.3894171930427,15.4645285265977,"conspecific","Acy_Acy_Acy"
"246",2019-07-29,"5","1","MdiC1_MdiA1_MdiD1","Montipora","Acroporidae",6,"35",2571.1956,1447.9865,4019.1821,6.9,8.34,7.96,7.14,86.2588,10529.55,29.8079222061981,16.7865365620667,46.5944587682648,"conspecific","Mdi_Mdi_Mdi"
"247",2019-07-29,"5","1","PloB1_PloC1_PloD1","Porites","Poritidae",7,"35",1482.2323,1690.9311,3173.1634,6.88,7.82,7.58,6.58,46.5896,24372.52,31.8146603533836,36.294175094871,68.1088354482546,"conspecific","Plo_Plo_Plo"
"248",2019-07-29,"5","1","PcyB1_PcyC1_PcyA1","Porites","Poritidae",8,"35",1137.3462,1090.7151,2228.0613,6.87,7.63,7.35,6.65,49.3013,10150.92,23.0692943188111,22.1234551624399,45.192749481251,"conspecific","Pcy_Pcy_Pcy"
"249",2019-07-29,"5","1","PruD1_PruE2_PruA1","Porites","Poritidae",9,"35",1037.3102,710.5783,1747.8885,6.85,7.55,7.16,6.65,53.5826,15994.51,19.3590867184496,13.2613628304711,32.6204495489207,"conspecific","Pru_Pru_Pru"
"250",2019-07-29,"5","2","PveF3_PveA2_PveB3","Pocillopora","Pocilloporidae",1,"35",2707.6411,2376.339,5083.9801,6.81,8.18,9.08,7.66,85.6766,21351.14,31.6030409703466,27.7361496604674,59.339190630814,"conspecific","Pve_Pve_Pve"
"251",2019-07-29,"5","2","PdaA2_PdaB2_PdaD2","Pocillopora","Pocilloporidae",2,"35",2723.8969,2458.9494,5182.8463,6.89,8.36,9.1,7.59,85.686,10393.87,31.7892876315851,28.6972130803165,60.4865007119016,"conspecific","Pda_Pda_Pda"
"252",2019-07-29,"5","2","SpiB1_SpiB2_SpiB3","Stylophora","Pocilloporidae",3,"35",2870.9256,2456.3678,5327.2934,6.91,8.41,9.08,7.62,110.157,21251.87,26.0621258748877,22.2987899089481,48.3609157838358,"conspecific","Spi_Spi_Spi"
"253",2019-07-29,"5","2","AmuD2_AmuB2_AmuA2","Acropora","Acroporidae",4,"35",1467.1947,735.7486,2202.9433,6.92,7.72,7.89,7.33,48.3243,6217.17,30.3614268597786,15.2252303706417,45.5866572304203,"conspecific","Amu_Amu_Amu"
"254",2019-07-29,"5","2","AcyB3_AcyD2_AcyA2","Acropora","Acroporidae",5,"35",1114.1264,535.6766,1649.803,6.93,7.58,7.66,7.16,56.7367,5331.87,19.6367853611507,9.44144795167854,29.0782333128293,"conspecific","Acy_Acy_Acy"
"255",2019-07-29,"5","2","MdiC3_MdiA3_MdiD3","Montipora","Acroporidae",6,"35",2112.8816,1756.1158,3868.9974,6.93,8.11,8.23,7.12,81.222,11697.16,26.0136613232868,21.6211839156879,47.6348452389747,"conspecific","Mdi_Mdi_Mdi"
"256",2019-07-29,"5","2","PloB2_PloC2_PloD2","Porites","Poritidae",7,"35",1276.2168,1025.5081,2301.7249,6.91,7.63,7.6,6.88,44.7662,21478.99,28.508490780991,22.9080891386805,51.4165799196715,"conspecific","Plo_Plo_Plo"
"257",2019-07-29,"5","2","PcyB2_PcyC3_PcyA2","Porites","Poritidae",8,"35",995.5964,815.7774,1811.3738,6.95,7.55,7.36,6.72,54.8956,10747.56,18.1361784915367,14.8605243407486,32.9967028322853,"conspecific","Pcy_Pcy_Pcy"
"258",2019-07-29,"5","2","PruD3_PruE3_PruA3","Porites","Poritidae",9,"35",883.6513,600.216,1483.8673,6.93,7.48,7.29,6.74,49.2541,13450.81,17.9406648380541,12.1861124251585,30.1267772632126,"conspecific","Pru_Pru_Pru"
"259",2019-07-29,"5","3","PveF4_PveA4_PveB4","Pocillopora","Pocilloporidae",1,"35",2014.1243,2950.717,4964.8413,6.8,7.88,9.03,7.4,95.3969,24277.12,21.1131001112195,30.9309526829488,52.0440527941684,"conspecific","Pve_Pve_Pve"
"260",2019-07-29,"5","3","PdaA4_PdaB4_PdaD4","Pocillopora","Pocilloporidae",2,"35",1887.3925,2250.465,4137.8575,6.87,7.95,8.66,7.38,78.7975,9061.51,23.9524413845617,28.5601066023668,52.5125479869285,"conspecific","Pda_Pda_Pda"
"261",2019-07-29,"5","3","SpiA4_SpiB3_SpiD4","Stylophora","Pocilloporidae",3,"35",2378.4783,2690.6234,5069.1017,6.86,8.21,8.84,7.39,93.55,18041.1,25.424674505612,28.7613404596472,54.1860149652592,"conspecific","Spi_Spi_Spi"
"262",2019-07-29,"5","3","AmuD3_AmuB4_AmuA3","Acropora","Acroporidae",4,"35",1458.8961,1275.8286,2734.7247,6.87,7.74,8.02,7.28,62.0705,7785.23,23.5038560991131,20.5545081802144,44.0583642793275,"conspecific","Amu_Amu_Amu"
"263",2019-07-29,"5","3","AcyB4_AcyD3_AcyA3","Acropora","Acroporidae",5,"35",682.1459,546.9949,1229.1408,6.89,7.32,7.46,7.06,55.2662,4955.39,12.3429130282162,9.89745812087678,22.2403711490929,"conspecific","Acy_Acy_Acy"
"264",2019-07-29,"5","3","MdiC4_MdiA4_MdiD4","Montipora","Acroporidae",6,"35",2323.9132,1125.7746,3449.6878,6.89,8.25,7.88,7.21,89.025,13337.35,26.104051670879,12.645600673968,38.749652344847,"conspecific","Mdi_Mdi_Mdi"
"265",2019-07-29,"5","3","PloB3_PloC3_PloD3","Porites","Poritidae",7,"35",1088.1744,1001.1266,2089.301,6.89,7.55,7.55,6.96,43.1201,21381.86,25.2358969482909,23.2171678637109,48.4530648120018,"conspecific","Plo_Plo_Plo"
"266",2019-07-29,"5","3","PcyB4_PcyC4_PcyA4","Porites","Poritidae",8,"35",750.374,745.0957,1495.4697,6.89,7.4,7.32,6.81,37.7716,6666.48,19.8660898664605,19.7263473085599,39.5924371750204,"conspecific","Pcy_Pcy_Pcy"
"267",2019-07-29,"5","3","PruD4_PruE4_PruA4","Porites","Poritidae",9,"35",734.1519,579.5189,1313.6708,6.89,7.39,7.18,6.75,51.5291,14689.45,14.2473262680699,11.246439390558,25.4937656586278,"conspecific","Pru_Pru_Pru"
"268",2019-08-08,"14","1","PveF1_PveA2_PveB4","mix ","Pocilloporidae",1,"35.6",2083.4525,2731.3278,4814.7803,7.01,8.1,8.81,7.3,96.3042,24403.77,21.6340772261231,28.3614608708654,49.9955380969885,"conspecific","Pve_Pve_Pve"
"269",2019-08-08,"14","1","PdaA1_PdaB2_PdaD4","mix ","Pocilloporidae",2,"35.6",2209.7479,2091.7427,4301.4906,7,8.23,8.61,7.38,92.1618,10214.23,23.976830964673,22.6964176046909,46.6732485693639,"conspecific","Pda_Pda_Pda"
"270",2019-08-08,"14","1","SpiA1_SpiB2_SpiD4","mix ","Pocilloporidae",3,"35.6",2612.7339,2362.808,4975.5419,7.01,8.5,8.62,7.25,99.4267,18536.17,26.2779907208024,23.7643208514413,50.0423115722437,"conspecific","Spi_Spi_Spi"
"271",2019-08-08,"14","1","AmuD1_AmuB2_AmuA3","mix ","Acroporidae",4,"35.6",2059.6939,1130.7518,3190.4457,7.01,8.16,7.92,7.21,55.2339,7347.48,37.2903941238986,20.4720615419154,57.7624556658139,"conspecific","Amu_Amu_Amu"
"272",2019-08-08,"14","1","AcyB1_AcyD2_AcyA3","mix ","Acroporidae",5,"35.6",1266.7949,730.6078,1997.4027,7,7.75,7.65,7.14,56.3732,5378.77,22.4715804673143,12.960197398764,35.4317778660782,"conspecific","Acy_Acy_Acy"
"273",2019-08-08,"14","1","MdiC1_MdiA3_MdiD4","mix ","Acroporidae",6,"35.6",2109.3441,1117.6436,3226.9877,7,8.25,7.75,7.07,87.8623,12025.34,24.0073854201404,12.7203999895291,36.7277854096695,"conspecific","Mdi_Mdi_Mdi"
"274",2019-08-08,"14","1","PloB1_PloC2_PloD3","mix ","Poritidae",7,"35.6",1473.8213,1076.2494,2550.0707,7.01,7.9,7.6,6.94,46.8005,23268.44,31.4915716712428,22.996536361791,54.4881080330338,"conspecific","Plo_Plo_Plo"
"275",2019-08-08,"14","1","PcyB1_PcyC3_PcyA4","mix ","Poritidae",8,"35.6",1051.6526,765.7928,1817.4454,7,7.67,7.37,6.86,46.8419,9513.76,22.4511089430617,16.3484572572846,38.7995662003463,"conspecific","Pcy_Pcy_Pcy"
"276",2019-08-08,"14","1","PruD1_PruE3_PruA4","mix ","Poritidae",9,"35.6",886.355,620.9131,1507.2681,6.99,7.58,7.32,6.88,46.0714,12494.84,19.2387251092869,13.47719192384,32.7159170331268,"conspecific","Pru_Pru_Pru"
"277",2019-08-08,"14","2","PveF3_PveA4_PveB1","mix ","Pocilloporidae",1,"35.6",1909.2585,2368.1492,4277.4077,7.11,8.09,8.59,7.26,100.2149,25243.82,19.0516430191518,23.6307096050587,42.6823526242106,"conspecific","Pve_Pve_Pve"
"278",2019-08-08,"14","2","PdaA2_PdaB4_PdaD1","mix ","Pocilloporidae",2,"35.6",2155.7988,1950.0552,4105.854,7.14,8.28,8.4,7.25,80.984,9299.74,26.6200582831177,24.0795120023708,50.6995702854885,"conspecific","Pda_Pda_Pda"
"279",2019-08-08,"14","2","SpiA2_SpiB3_SpiD1","mix ","Pocilloporidae",3,"35.6",2349.4169,1931.2985,4280.7154,7.15,8.35,8.43,7.29,77.3299,13524.11,30.381739792758,24.9747962948355,55.3565360875936,"conspecific","Spi_Spi_Spi"
"280",2019-08-08,"14","2","AmuD2_AmuB4_AmuA1","mix ","Acroporidae",4,"35.6",1574.9447,1148.3554,2723.3001,7.14,7.98,8,7.3,48.5638,5664.27,32.4304255433059,23.6463250404622,56.0767505837682,"conspecific","Amu_Amu_Amu"
"281",2019-08-08,"14","2","AcyB3_AcyD3_AcyA1","mix ","Acroporidae",5,"35.6",1055.2012,761.1193,1816.3205,7.13,7.72,7.73,7.23,55.0948,5477.04,19.1524644794064,13.814721171508,32.9671856509144,"conspecific","Acy_Acy_Acy"
"282",2019-08-08,"14","2","MdiC3_MdiA4_MdiD1","mix ","Acroporidae",6,"35.6",2049.3089,1473.6338,3522.9427,7.15,8.27,8.13,7.29,93.0623,12660.98,22.0208279829748,15.8349170394456,37.8557450224205,"conspecific","Mdi_Mdi_Mdi"
"283",2019-08-08,"14","2","PloB2_PloC3_PloD1","mix ","Poritidae",7,"35.6",1349.0569,1034.8552,2383.9121,7.13,7.9,7.79,7.19,39.0066,19299.46,34.5853496587757,26.5302589818133,61.115608640589,"conspecific","Plo_Plo_Plo"
"284",2019-08-08,"14","2","PcyB2_PcyC4_PcyA1","mix ","Poritidae",8,"35.6",937.144,620.9131,1558.0571,7.12,7.68,7.44,7.04,44.1603,7974.98,21.2214138038012,14.0604366365265,35.2818504403276,"conspecific","Pcy_Pcy_Pcy"
"285",2019-08-08,"14","2","PruD3_PruE4_PruA1","mix ","Poritidae",9,"35.6",831.2235,600.216,1431.4395,7.12,7.62,7.39,7,54.7939,16254.59,15.1700006752576,10.9540660547981,26.1240667300557,"conspecific","Pru_Pru_Pru"
"286",2019-08-08,"14","3","PveF4_PveA1_PveB3","mix ","Pocilloporidae",1,"35.6",1617.725,2738.7634,4356.4884,7.07,7.93,8.94,7.46,94.3443,23853.64,17.1470348500121,29.0294527597322,46.1764876097443,"conspecific","Pve_Pve_Pve"
"287",2019-08-08,"14","3","PdaA4_PdaB1_PdaD2","mix ","Pocilloporidae",2,"35.6",2201.1608,2023.6673,4224.8281,7.12,8.31,8.63,7.47,77.8331,9594.14,28.2805233249093,26.0000860816285,54.2806094065378,"conspecific","Pda_Pda_Pda"
"288",2019-08-08,"14","3","SpiA4_SpiB1_SpiD2","mix ","Pocilloporidae",3,"35.6",2335.4833,2618.7202,4954.2035,7.19,8.49,8.86,7.44,107.9176,20281.23,21.6413569241718,24.2659232599687,45.9072801841405,"conspecific","Spi_Spi_Spi"
"289",2019-08-08,"14","3","AmuD3_AmuB1_AmuA2","mix ","Acroporidae",4,"35.6",1177.5666,1329.9805,2507.5471,7.21,7.85,8.06,7.31,58.3247,7180.2,20.1898440969263,22.8030405642892,42.9928846612156,"conspecific","Amu_Amu_Amu"
"290",2019-08-08,"14","3","AcyB4_AcyD1_AcyA2","mix ","Acroporidae",5,"35.6",342.4274,892.3846,1234.812,7.18,7.41,7.74,7.22,55.2803,4955.13,6.19438389444341,16.1429044343102,22.3372883287536,"conspecific","Acy_Acy_Acy"
"291",2019-08-08,"14","3","MdiC4_MdiA1_MdiD3","mix ","Acroporidae",6,"35.6",1922.8348,1278.2378,3201.0726,7.14,8.22,7.92,7.22,75.5812,10877.74,25.4406492619858,16.9121130651538,42.3527623271396,"conspecific","Mdi_Mdi_Mdi"
"292",2019-08-08,"14","3","PloB3_PloC1_PloD2","mix ","Poritidae",7,"35.6",1643.1887,822.5182,2465.7069,7.15,8.11,7.62,7.15,48.6688,24665.47,33.7626713623512,16.9003180682491,50.6629894306003,"conspecific","Plo_Plo_Plo"
"293",2019-08-08,"14","3","PcyB4_PcyC1_PcyA2","mix ","Poritidae",8,"35.6",1079.8844,720.8943,1800.7787,7.15,7.82,7.46,7.02,50.9663,10076.22,21.1882047549067,14.1445288357209,35.3327335906275,"conspecific","Pcy_Pcy_Pcy"
"294",2019-08-08,"14","3","PruD4_PruE2_PruA3","mix ","Poritidae",9,"35.6",956.3105,678.0218,1634.3323,7.15,7.75,7.42,7,53.5005,15385.34,17.8747955626583,12.6731862319044,30.5479817945627,"conspecific","Pru_Pru_Pru"
"295",2019-07-30,"6","1","PveF1_PdaA1_SpiA1","mix ","Pocilloporidae",1,"35.1",1829.8252,1840.6624,3670.4876,6.94,7.96,8.38,7.31,90.6415,18064.01,20.1874991036115,20.3070602317923,40.4945593354038,"family","Pve_Pda_Spi"
"296",2019-07-30,"6","1","PveA1_PdaB1_SpiB1","mix ","Pocilloporidae",2,"35.1",2211.5802,2662.2484,4873.8286,6.94,8.24,8.92,7.39,105.8406,18530.63,20.8953860805778,25.1533759256845,46.0487620062623,"family","Pve_Pda_Spi"
"297",2019-07-30,"6","1","PveB1_PdaD1_SpiD1","mix ","Pocilloporidae",3,"35.1",2408.4425,2120.1178,4528.5603,6.93,8.3,8.55,7.3,92.7426,18211.86,25.9691069691814,22.8602368275205,48.8293437967018,"family","Pve_Pda_Spi"
"298",2019-07-30,"6","1","AmuD1_AcyB1_MdiC1","mix ","Acroporidae",4,"35.1",1222.9891,980.3528,2203.3419,6.94,7.68,7.88,7.24,52.0185,6552.56,23.5106567855667,18.8462335515249,42.3568903370916,"family","Amu_Acy_Mdi"
"299",2019-07-30,"6","1","AmuB1_AcyD1_MdiA1","mix ","Acroporidae",5,"35.1",1558.404,879.6269,2438.0309,6.92,7.85,7.83,7.26,64.4498,7597.95,24.1801215829995,13.6482487145034,37.8283702975029,"family","Amu_Acy_Mdi"
"300",2019-07-30,"6","1","AmuA1_AcyA1_MdiD1","mix ","Acroporidae",6,"35.1",1470.1369,962.4153,2432.5522,6.91,7.79,7.88,7.27,76.2635,8092.27,19.2770709448163,12.6196057091531,31.8966766539695,"family","Amu_Acy_Mdi"
"301",2019-07-30,"6","1","PloB1_PcyB1_PruD1","mix ","Poritidae",7,"35.1",1357.1551,707.3974,2064.5525,6.91,7.75,7.43,6.96,46.8469,15916.34,28.9700086878748,15.1001965978539,44.0702052857286,"family","Plo_Pcy_Pru"
"302",2019-07-30,"6","1","PloC1_PcyC1_PruE2","mix ","Poritidae",8,"35.1",1202.8138,610.5646,1813.3784,6.89,7.64,7.28,6.84,54.9979,19634.27,21.8701768612983,11.1015984246671,32.9717752859655,"family","Plo_Pcy_Pru"
"303",2019-07-30,"6","1","PloD1_PcyA1_PruA1","mix ","Poritidae",9,"35.1",1050.378,540.1944,1590.5724,6.88,7.56,7.15,6.73,47.6287,14967.34,22.0534677620846,11.3417834205007,33.3952511825853,"family","Plo_Pcy_Pru"
"304",2019-07-30,"6","2","PveF3_PdaA2_SpiA2","mix ","Pocilloporidae",1,"35.1",2211.714,2160.7776,4372.4916,6.94,8.13,8.89,7.64,77.3441,13804.94,28.5957687787433,27.9372001225691,56.5329689013124,"family","Pve_Pda_Spi"
"305",2019-07-30,"6","2","PveA2_PdaB2_SpiB2","mix ","Pocilloporidae",2,"35.1",3011.6332,2970.1598,5981.793,6.91,8.72,9.53,7.71,108.2944,17340.24,27.8096854500325,27.426716432244,55.2364018822765,"family","Pve_Pda_Spi"
"306",2019-07-30,"6","2","PveB3_PdaD2_SpiD2","mix ","Pocilloporidae",3,"35.1",2681.6303,2551.8274,5233.4577,6.92,8.63,9.14,7.55,83.9089,17619.44,31.9588303505349,30.4118800270293,62.3707103775643,"family","Pve_Pda_Spi"
"307",2019-07-30,"6","2","AmuD2_AcyB3_MdiC3","mix ","Acroporidae",4,"35.1",1825.0157,1247.5457,3072.5614,6.94,8.09,8.26,7.44,55.9044,7432.75,32.6452962557509,22.3156978699351,54.960994125686,"family","Amu_Acy_Mdi"
"308",2019-07-30,"6","2","AmuB2_AcyD2_MdiA3","mix ","Acroporidae",5,"35.1",1534.5603,916.5798,2451.1401,6.95,7.98,8.04,7.37,60.8445,7542.56,25.2210191553879,15.0642999778123,40.2853191332002,"family","Amu_Acy_Mdi"
"309",2019-07-30,"6","2","AmuA2_AcyA2_MdiD3","mix ","Acroporidae",6,"35.1",1675.863,804.0394,2479.9024,6.92,8.01,7.99,7.38,69.5341,8270.89,24.1013114428748,11.5632387562361,35.6645501991109,"family","Amu_Acy_Mdi"
"310",2019-07-30,"6","2","PloB2_PcyB2_PruD3","mix ","Poritidae",7,"35.1",1313.4281,363.5791,1677.0072,6.93,7.82,7.48,7.14,46.2892,14195.79,28.3743961874476,7.85451249967595,36.2289086871236,"family","Plo_Pcy_Pru"
"311",2019-07-30,"6","2","PloC2_PcyC3_PruE3","mix ","Poritidae",8,"35.1",1123.8862,420.1512,1544.0374,6.94,7.71,7.4,7.02,50.61,16370.49,22.2068010274649,8.30174273858921,30.5085437660541,"family","Plo_Pcy_Pru"
"312",2019-07-30,"6","2","PloD2_PcyA2_PruA3","mix ","Poritidae",9,"35.1",969.5797,694.7328,1664.3125,6.94,7.63,7.37,6.87,52.0167,15111.08,18.6397772253911,13.3559568369389,31.99573406233,"family","Plo_Pcy_Pru"
"313",2019-07-30,"6","3","PveF4_PdaA4_SpiA4","mix ","Pocilloporidae",1,"35.1",2702.511,3081.1088,5783.6198,6.89,8.31,9.19,7.52,90.3455,17578.94,29.9130670592337,34.1036222058653,64.016689265099,"family","Pve_Pda_Spi"
"314",2019-07-30,"6","3","PveA4_PdaB4_SpiB3","mix ","Pocilloporidae",2,"35.1",2262.3526,2684.7162,4947.0688,6.94,8.26,8.99,7.42,88.4421,16050.87,25.5800416317568,30.3556360602021,55.9356776919589,"family","Pve_Pda_Spi"
"315",2019-07-30,"6","3","PveB4_PdaD4_SpiD4","mix ","Pocilloporidae",3,"35.1",2074.7851,1385.6599,3460.445,6.94,8.12,8.67,7.82,88.9568,17749.92,23.3235132109069,15.5767732202597,38.9002864311666,"family","Pve_Pda_Spi"
"316",2019-07-30,"6","3","AmuD3_AcyB4_MdiC4","mix ","Acroporidae",4,"35.1",1389.3112,1579.278,2968.5892,6.93,7.77,8.19,7.24,55.2023,7144.23,25.1676325080658,28.6089166574581,53.7765491655239,"family","Amu_Acy_Mdi"
"317",2019-07-30,"6","3","AmuB4_AcyD3_MdiA4","mix ","Acroporidae",5,"35.1",1397.3354,1211.4037,2608.7391,6.92,7.79,8.04,7.28,64.553,8277.27,21.6463278236488,18.7660325623906,40.4123603860394,"family","Amu_Acy_Mdi"
"318",2019-07-30,"6","3","AmuA3_AcyA3_MdiD4","mix ","Acroporidae",6,"35.1",2050.5117,1095.2329,3145.7446,6.93,8.17,8.02,7.32,86.6064,10656.47,23.6762144599013,12.6460965933234,36.3223110532247,"family","Amu_Acy_Mdi"
"319",2019-07-30,"6","3","PloB3_PcyB4_PruD4","mix ","Poritidae",7,"35.1",928.5393,733.3674,1661.9067,6.91,7.55,7.5,7.02,46.121,15381.68,20.1326792567377,15.9009431712235,36.0336224279612,"family","Plo_Pcy_Pru"
"320",2019-07-30,"6","3","PloC3_PcyC4_PruE4","mix ","Poritidae",8,"35.1",640.1472,560.2016,1200.3488,6.92,7.4,7.36,6.95,44.0429,14365.9,14.5346287369814,12.7194530787028,27.2540818156843,"family","Plo_Pcy_Pru"
"321",2019-07-30,"6","3","PloD3_PcyA4_PruA4","mix ","Poritidae",9,"35.1",630.9963,580.2088,1211.2051,6.9,7.4,7.31,6.89,42.2569,12990.21,14.9323850069456,13.7305102835277,28.6628952904733,"family","Plo_Pcy_Pru"
"322",2019-07-31,"7","1","PveF1_AmuD1_PloB1","mix ","mix ",1,"35.3",1574.0625,1673.5055,3247.568,6.92,7.8,8.47,7.44,71.1044,21166.55,22.1373431180068,23.5358922935852,45.673235411592,"mix","Pve_Amu_Plo"
"323",2019-07-31,"7","1","PveA1_AmuB1_PloC1","mix ","mix ",2,"35.3",1652.1148,1540.7304,3192.8452,6.94,7.89,8.43,7.37,68.2879,18849.52,24.1933754003271,22.5622753079242,46.7556507082514,"mix","Pve_Amu_Plo"
"324",2019-07-31,"7","1","PveB1_AmuA1_PloD1","mix ","mix ",3,"35.3",1914.7093,1467.977,3382.6863,6.93,8.02,8.33,7.31,68.7148,18418.97,27.8645837577931,21.3633307526181,49.2279145104112,"mix","Pve_Amu_Plo"
"325",2019-07-31,"7","1","PdaA1_AcyB1_PcyB1","mix ","mix ",4,"35.3",1507.1763,982.0066,2489.1829,6.93,7.83,7.97,7.24,51.7054,7340.99,29.1493016203337,18.9923412254813,48.1416428458149,"mix","Pda_Acy_Pcy"
"326",2019-07-31,"7","1","PdaB1_AcyD1_PcyC1","mix ","mix ",5,"35.3",1476.684,850.7094,2327.3934,6.93,7.84,7.99,7.33,71.0001,9550.47,20.7983369037508,11.9818056594286,32.7801425631795,"mix","Pda_Acy_Pcy"
"327",2019-07-31,"7","1","PdaD1_AcyA1_PcyA1","mix ","mix ",6,"35.3",1143.409,774.4723,1917.8813,6.92,7.62,7.55,6.95,67.8366,8435.87,16.855340627331,11.4167322654732,28.2720728928042,"mix","Pda_Acy_Pcy"
"328",2019-07-31,"7","1","SpiA1_MdiC1_PruD1","mix ","mix ",7,"35.3",1370.7636,1239.1556,2609.9192,6.92,7.77,7.75,6.91,66.6971,12025.37,20.5520719791415,18.5788527537179,39.1309247328594,"mix","Spi_Mdi_Pru"
"329",2019-07-31,"7","1","SpiB1_MdiA1_PruE2","mix ","mix ",8,"35.3",2151.0444,1510.2209,3661.2653,6.92,8.25,7.91,6.93,86.0003,17362.86,25.0120569346851,17.5606468814644,42.5727038161495,"mix","Spi_Mdi_Pru"
"330",2019-07-31,"7","1","SpiD1_MdiD1_PruA1","mix ","mix ",9,"35.3",1937.6342,1488.4389,3426.0731,6.92,8.16,7.73,6.73,80.0834,14416.63,24.1952039998302,18.5861102300851,42.7813142299153,"mix","Spi_Mdi_Pru"
"331",2019-07-31,"7","2","PveF3_AmuD2_PloB2","mix ","mix ",1,"35.3",1717.2847,1975.8835,3693.1682,6.94,7.84,8.39,7.33,57.5385,15736.76,29.8458371351356,34.3401983020065,64.1860354371421,"mix","Pve_Amu_Plo"
"332",2019-07-31,"7","2","PveA2_AmuB2_PloC2","mix ","mix ",2,"35.3",1623.5009,1787.0655,3410.5664,6.94,7.85,8.4,7.37,57.1635,16265.18,28.4010058866235,31.2623527250781,59.6633586117015,"mix","Pve_Amu_Plo"
"333",2019-07-31,"7","2","PveB3_AmuA2_PloD2","mix ","mix ",3,"35.3",1529.7172,1558.9592,3088.6764,6.96,7.82,8.24,7.36,64.0651,17045.36,23.8775433114129,24.3339852743537,48.2115285857667,"mix","Pve_Amu_Plo"
"334",2019-07-31,"7","2","PdaA2_AcyB3_PcyB2","mix ","mix ",4,"35.3",1248.3659,1171.7231,2420.089,6.96,7.67,7.98,7.3,50.2408,6696.69,24.8476517093677,23.3221425614242,48.1697942707919,"mix","Pda_Acy_Pcy"
"335",2019-07-31,"7","2","PdaB2_AcyD2_PcyC3","mix ","mix ",5,"35.3",1773.5549,1555.7323,3329.2872,6.96,7.95,8.13,7.28,77.8314,9873.53,22.787138609867,19.9884917912308,42.7756304010978,"mix","Pda_Acy_Pcy"
"336",2019-07-31,"7","2","PdaD2_AcyA2_PcyA2","mix ","mix ",6,"35.3",1240.6425,1184.17,2424.8125,6.94,7.69,7.67,7.05,69.2461,9903.08,17.916424174069,17.1008908804972,35.0173150545662,"mix","Pda_Acy_Pcy"
"337",2019-07-31,"7","2","SpiA2_MdiC3_PruD3","mix ","mix ",7,"35.3",1417.1767,1741.5134,3158.6901,6.94,7.79,7.88,7,71.7584,13000.03,19.7492795268568,24.2691224999443,44.018402026801,"mix","Spi_Mdi_Pru"
"338",2019-07-31,"7","2","SpiB2_MdiA3_PruE3","mix ","mix ",8,"35.3",1940.222,1738.5567,3678.7787,6.94,8.12,7.87,6.96,84.754,15114.58,22.8923944592586,20.5129751988107,43.4053696580692,"mix","Spi_Mdi_Pru"
"339",2019-07-31,"7","2","SpiD2_MdiD3_PruA3","mix ","mix ",9,"35.3",1984.0473,1635.0712,3619.1185,6.94,8.18,7.79,6.93,72.1485,14052.97,27.4994947919915,22.6625806496324,50.1620754416239,"mix","Spi_Mdi_Pru"
"340",2019-07-31,"7","3","PveF4_AmuD3_PloB3","mix ","mix ",1,"35.3",2000.72,2120.7632,4121.4832,6.92,7.95,8.41,7.26,68.9848,19804.43,29.0023309482669,30.7424708051629,59.7448017534297,"mix","Pve_Amu_Plo"
"341",2019-07-31,"7","3","PveA4_AmuB4_PloC3","mix ","mix ",2,"35.3",2050.4153,1602.3948,3652.8101,6.91,8,8.18,7.2,61.532,16051.82,33.3227475134889,26.0416498732367,59.3643973867256,"mix","Pve_Amu_Plo"
"342",2019-07-31,"7","3","PveB4_AmuA3_PloD3","mix ","mix ",3,"35.3",1840.6624,1547.8297,3388.4921,6.96,7.91,8.06,7.11,70.0707,17587.96,26.2686458105884,22.0895424192994,48.3581882298878,"mix","Pve_Amu_Plo"
"343",2019-07-31,"7","3","PdaA4_AcyB4_PcyB4","mix ","mix ",4,"35.3",1492.2612,1039.1239,2531.3851,6.97,7.72,7.68,7.03,43.8335,5171.94,34.0438523047441,23.7061585317166,57.7500108364607,"mix","Pda_Acy_Pcy"
"344",2019-07-31,"7","3","PdaB4_AcyD3_PcyC4","mix ","mix ",5,"35.3",1140.4104,982.8537,2123.2641,6.96,7.56,7.64,7.02,62.1617,7619.2,18.3458689192863,15.8112422922797,34.157111211566,"mix","Pda_Acy_Pcy"
"345",2019-07-31,"7","3","PdaD4_AcyA3_PcyA4","mix ","mix ",6,"35.3",1160.4176,1310.7943,2471.2119,6.95,7.56,7.38,6.61,65.8401,7892.24,17.6247848955272,19.9087531762558,37.533538071783,"mix","Pda_Acy_Pcy"
"346",2019-07-31,"7","3","SpiA4_MdiC4_PruD4","mix ","mix ",7,"35.3",1980.7128,1545.5562,3526.269,6.95,7.97,7.51,6.59,78.8505,15128.48,25.1198508570015,19.6010957444785,44.72094660148,"mix","Spi_Mdi_Pru"
"347",2019-07-31,"7","3","SpiB3_MdiA4_PruE4","mix ","mix ",8,"35.3",1864.809,1414.2589,3279.0679,6.95,7.88,7.54,6.69,73.3443,15023.02,25.4254113816616,19.2824650313658,44.7078764130273,"mix","Spi_Mdi_Pru"
"348",2019-07-31,"7","3","SpiD4_MdiD4_PruA4","mix ","mix ",9,"35.3",2009.6887,1489.2859,3498.9746,6.98,7.98,7.6,6.71,81.9093,15916.4,24.5355374786502,18.1821343852285,42.7176718638787,"mix","Spi_Mdi_Pru"
"349",2019-08-01,"8","1","PveF1_AcyB1_PruD1","mix ","mix ",1,"35.4",1189.519,1240.4464,2429.9654,6.86,7.5,7.95,7.18,69.7286,16774.85,17.0592697974719,17.7896358165803,34.8489056140522,"mix","Pve_Acy_Pru"
"350",2019-08-01,"8","1","PveA1_AcyD1_PruE2","mix ","mix ",2,"35.4",1278.3009,1087.8915,2366.1924,6.87,7.6,7.91,7.17,64.4605,12724.89,19.8307630254187,16.8768703314433,36.707633356862,"mix","Pve_Acy_Pru"
"351",2019-08-01,"8","1","PveB1_AcyA1_PruA1","mix ","mix ",3,"35.4",1593.5353,1481.1782,3074.7135,6.88,7.75,8.08,7.16,83.9288,19891.42,18.9867518658673,17.6480326181239,36.6347844839912,"mix","Pve_Acy_Pru"
"352",2019-08-01,"8","1","PdaA1_MdiC1_PloB1","mix ","mix ",4,"35.4",1615.9224,1461.8164,3077.7388,6.88,7.79,8.04,7.13,60.9108,13203.59,26.5293248487953,23.9992973331495,50.5286221819447,"mix","Pda_Mdi_Plo"
"353",2019-08-01,"8","1","PdaB1_MdiA1_PloC1","mix ","mix ",5,"35.4",2122.3547,2162.8473,4285.202,6.86,8.04,8.51,7.32,81.5302,18068.73,26.0315159290668,26.5281736092883,52.5596895383551,"mix","Pda_Mdi_Plo"
"354",2019-08-01,"8","1","PdaD1_MdiD1_PloD1","mix ","mix ",6,"35.4",2096.9423,983.1124,3080.0547,6.87,8,7.88,7.26,76.9028,13282.48,27.2674375965504,12.7838310178563,40.0512686144068,"mix","Pda_Mdi_Plo"
"355",2019-08-01,"8","1","SpiA1_AmuD1_PcyB1","mix ","mix ",7,"35.4",1612.8971,1011.4751,2624.3722,6.86,7.74,7.23,6.64,58.8675,10554.47,27.3987701193358,17.1822329808468,44.5810031001826,"mix","Spi_Amu_Pcy"
"356",2019-08-01,"8","1","SpiB1_AmuB1_PcyC1","mix ","mix ",8,"35.4",1503.3819,1100.396,2603.7779,6.85,7.7,7.3,6.6,79.2976,14969.23,18.9587314117956,13.8767882003995,32.8355196121951,"mix","Spi_Amu_Pcy"
"357",2019-08-01,"8","1","SpiD1_AmuA1_PcyA1","mix ","mix ",9,"35.4",1283.7464,814.5789,2098.3253,6.85,7.56,6.96,6.44,55.8032,8097.57,23.0048886085386,14.5973510479686,37.6022396565072,"mix","Spi_Amu_Pcy"
"358",2019-08-01,"8","2","PveF3_AcyB3_PruD3","mix ","mix ",1,"35.4",1111.9989,1100.396,2212.3949,7.01,7.6,8.3,7.65,60.2302,12818.13,18.4624806160365,18.2698380546636,36.7323186707001,"mix","Pve_Acy_Pru"
"359",2019-08-01,"8","2","PveA2_AcyD2_PruE3","mix ","mix ",2,"35.4",1331.3882,1054.9251,2386.3133,7.01,7.73,8.22,7.53,60.6291,11746.41,21.9595573742642,17.3996496731767,39.3592070474409,"mix","Pve_Acy_Pru"
"360",2019-08-01,"8","2","PveB3_AcyA2_PruA3","mix ","mix ",3,"35.4",1478.5379,1254.9971,2733.535,7.02,7.84,8.11,7.31,70.8081,15569.28,20.880914754103,17.7239200035024,38.6048347576054,"mix","Pve_Acy_Pru"
"361",2019-08-01,"8","2","PdaA2_MdiC3_PloB2","mix ","mix ",4,"35.4",1751.5394,1441.6953,3193.2347,7.03,7.96,8.19,7.26,60.7012,12990.14,28.8551033587474,23.7506886190059,52.6057919777533,"mix","Pda_Mdi_Plo"
"362",2019-08-01,"8","2","PdaB2_MdiA3_PloC2","mix ","mix ",5,"35.4",2388.5429,2107.0082,4495.5511,7.03,8.32,8.67,7.44,84.2475,16835.36,28.3514988575329,25.0097415353571,53.36124039289,"mix","Pda_Mdi_Plo"
"363",2019-08-01,"8","2","PdaD2_MdiD3_PloD2","mix ","mix ",6,"35.4",1782.4596,1820.6552,3603.1148,7.03,8.07,8.07,7.06,66.7255,13744.52,26.7133194955452,27.2857483271013,53.9990678226465,"mix","Pda_Mdi_Plo"
"364",2019-08-01,"8","2","SpiA2_AmuD2_PcyB2","mix ","mix ",7,"35.4",1509.6342,1465.0434,2974.6776,7.05,7.94,7.78,6.92,58.6063,9625.21,25.7589064656871,24.9980531103311,50.7569595760183,"mix","Spi_Amu_Pcy"
"365",2019-08-01,"8","2","SpiB2_AmuB2_PcyC3","mix ","mix ",8,"35.4",1473.2575,1220.4392,2693.6967,7,7.87,7.48,6.77,74.8723,12671.52,19.6769365973798,16.3002766042983,35.9772132016781,"mix","Spi_Amu_Pcy"
"366",2019-08-01,"8","2","SpiD2_AmuA2_PcyA2","mix ","mix ",9,"35.4",1600.576,1300.468,2901.044,7.02,7.96,7.47,6.72,67.9261,11687.61,23.5634903225711,19.1453358870891,42.7088262096602,"mix","Spi_Amu_Pcy"
"367",2019-08-01,"8","3","PveF4_AcyB4_PruD4","mix ","mix ",1,"35.4",1617.2487,1229.1923,2846.441,6.95,7.8,8.25,7.42,67.8565,15899.94,23.8333645266113,18.114584453958,41.9479489805693,"mix","Pve_Acy_Pru"
"368",2019-08-01,"8","3","PveA4_AcyD3_PruE4","mix ","mix ",2,"35.4",1426.2708,1132.794,2559.0648,6.99,7.82,8.09,7.23,65.9446,14265.9,21.6283183156771,17.1779645338663,38.8062828495434,"mix","Pve_Acy_Pru"
"369",2019-08-01,"8","3","PveB4_AcyA3_PruA4","mix ","mix ",3,"35.4",1426.2708,1041.8522,2468.123,7,7.83,7.93,7.12,68.3911,13756.12,20.854625821196,15.2337394777976,36.0883652989936,"mix","Pve_Acy_Pru"
"370",2019-08-01,"8","3","PdaA4_MdiC4_PloB3","mix ","mix ",4,"35.4",1604.7442,969.0987,2573.8429,7.02,7.92,7.85,7.08,53.8274,13324.1,29.8127756495762,18.0038177582421,47.8165934078183,"mix","Pda_Mdi_Plo"
"371",2019-08-01,"8","3","PdaB4_MdiA4_PloC3","mix ","mix ",5,"35.4",2073.6629,1538.0535,3611.7164,7.03,8.18,8.2,7.15,75.4489,14987.56,27.4843357557234,20.3853667846715,47.8697025403949,"mix","Pda_Mdi_Plo"
"372",2019-08-01,"8","3","PdaD4_MdiD4_PloD3","mix ","mix ",6,"35.4",2073.6629,1594.3237,3667.9866,7.02,8.17,8,6.92,81.6663,15469.06,25.3919046167146,19.5224186720838,44.9143232887984,"mix","Pda_Mdi_Plo"
"373",2019-08-01,"8","3","SpiA4_AmuD3_PcyB4","mix ","mix ",7,"35.4",1642.2577,1316.2825,2958.5402,7.03,7.95,7.76,6.77,69.9849,10880.81,23.4658862125973,18.8080928886088,42.2739791012061,"mix","Spi_Amu_Pcy"
"374",2019-08-01,"8","3","SpiB3_AmuB4_PcyC4","mix ","mix ",8,"35.4",1328.9096,998.5211,2327.4307,7.03,7.83,7.53,6.72,55.6445,9440.58,23.8821374978659,17.9446504146861,41.826787912552,"mix","Spi_Amu_Pcy"
"375",2019-08-01,"8","3","SpiD4_AmuA3_PcyA4","mix ","mix ",9,"35.4",2264.5404,892.6006,3157.141,7.03,8.36,7.44,6.69,67.7627,12171.42,33.4186860913157,13.1724473788677,46.5911334701835,"mix","Spi_Amu_Pcy"
"376",2019-08-02,"9","1","PveF1_MdiC1_PcyB1","mix ","mix ",1,"35.5",2787.6699,1632.2003,4419.8702,6.89,8.3,8.37,7.38,83.5014,18578.82,33.3847085198572,19.5469812482186,52.9316897680758,"mix","Pve_Mdi_Pcy"
"377",2019-08-02,"9","1","PveA1_MdiA1_PcyC1","mix ","mix ",2,"35.5",2131.0699,1433.3787,3564.4486,6.9,8.09,8.3,7.35,77.1553,14418.1,27.6205250967853,18.5778384634627,46.198363560248,"mix","Pve_Mdi_Pcy"
"378",2019-08-02,"9","1","PveB1_MdiD1_PcyA1","mix ","mix ",3,"35.5",2021.9398,1432.7737,3454.7135,6.92,8.05,8.02,7.1,84.6933,15556.52,23.8736688734528,16.9172024233322,40.790871296785,"mix","Pve_Mdi_Pcy"
"379",2019-08-02,"9","1","PdaA1_AmuD1_PruD1","mix ","mix ",4,"35.5",1567.2307,1084.2612,2651.4919,6.92,7.8,7.79,7.05,51.1371,8404.53,30.6476256964122,21.2030248097761,51.8506505061883,"mix","Pda_Amu_Pru"
"380",2019-08-02,"9","1","PdaB1_AmuB1_PruE2","mix ","mix ",5,"35.5",1527.2163,987.4521,2514.6684,6.89,7.8,7.78,7.09,70.8518,10362.05,21.5550811694269,13.9368668121346,35.4919479815615,"mix","Pda_Amu_Pru"
"381",2019-08-02,"9","1","PdaD1_AmuA1_PruA1","mix ","mix ",6,"35.5",1361.2742,771.8907,2133.1649,6.89,7.68,7.49,6.93,69.8167,13070.21,19.4978307482307,11.0559608231268,30.5537915713576,"mix","Pda_Amu_Pru"
"382",2019-08-02,"9","1","SpiA1_AcyB1_PloB1","mix ","mix ",7,"35.5",1492.9182,1006.8139,2499.7321,6.88,7.77,7.4,6.7,54.8684,13549.56,27.2090711593558,18.3496128919378,45.5586840512936,"mix","Spi_Acy_Plo"
"383",2019-08-02,"9","1","SpiB1_AcyD1_PloC1","mix ","mix ",8,"35.5",1390.024,1058.2437,2448.2677,6.88,7.71,7.37,6.62,77.2812,20982.7,17.9865737074476,13.6934170276859,31.6799907351335,"mix","Spi_Acy_Plo"
"384",2019-08-02,"9","1","SpiD1_AcyA1_PloD1","mix ","mix ",9,"35.5",1350.486,1051.9915,2402.4775,6.87,7.7,7.38,6.61,62.1248,12644.74,21.7382752137633,16.9335193030803,38.6717945168435,"mix","Spi_Acy_Plo"
"385",2019-08-02,"9","2","PveF3_MdiC3_PcyB2","mix ","mix ",1,"35.5",1919.1522,1840.6624,3759.8146,7,7.99,8.59,7.52,77.8845,15100.67,24.6410030237082,23.633231259108,48.2742342828162,"mix","Pve_Mdi_Pcy"
"386",2019-08-02,"9","2","PveA2_MdiA3_PcyC3","mix ","mix ",2,"35.5",1880.3147,1935.1792,3815.4939,7.01,8.11,8.58,7.5,67.9419,13047.93,27.6753328947233,28.4828537323802,56.1581866271034,"mix","Pve_Mdi_Pcy"
"387",2019-08-02,"9","2","PveB3_MdiD3_PcyA2","mix ","mix ",3,"35.5",1855.7961,1580.5688,3436.3649,7.03,8.18,8.41,7.47,75.9678,15647.26,24.4287197997046,20.805772972233,45.2344927719376,"mix","Pve_Mdi_Pcy"
"388",2019-08-02,"9","2","PdaA2_AmuD2_PruD3","mix ","mix ",4,"35.5",1488.9974,138.5114,1627.5088,7.03,7.96,7.56,7.37,48.0851,8053.73,30.9658792432583,2.88054719653281,33.8464264397911,"mix","Pda_Amu_Pru"
"389",2019-08-02,"9","2","PdaB2_AmuB2_PruE3","mix ","mix ",5,"35.5",1690.4212,1068.3845,2758.8057,7.02,8.1,8,7.43,68.7705,9602.59,24.58061523473,15.5355057764594,40.1161210111894,"mix","Pda_Amu_Pru"
"390",2019-08-02,"9","2","PdaD2_AmuA2_PruA3","mix ","mix ",6,"35.5",1639.0514,636.229,2275.2804,7.02,8.04,7.62,7.23,66.4088,12405.53,24.681238028695,9.58049234438809,34.2617303730831,"mix","Pda_Amu_Pru"
"391",2019-08-02,"9","2","SpiA2_AcyB3_PloB2","mix ","mix ",7,"35.5",1605.7061,877.2388,2482.9449,7,8,7.66,7.15,53.5681,12279.08,29.9750429826707,16.376141770942,46.3511847536127,"mix","Spi_Acy_Plo"
"392",2019-08-02,"9","2","SpiB2_AcyD2_PloC2","mix ","mix ",8,"35.5",1625.533,1569.7957,3195.3287,6.98,8.02,7.67,6.86,83.0365,18602.77,19.5761261613869,18.9048876096656,38.4810137710525,"mix","Spi_Acy_Plo"
"393",2019-08-02,"9","2","SpiD2_AcyA2_PloD2","mix ","mix ",9,"35.5",1722.8653,1436.2311,3159.0964,6.98,8.08,7.66,6.85,63.0831,12948.62,27.3110436868194,22.7672879107083,50.0783315975277,"mix","Spi_Acy_Plo"
"394",2019-08-02,"9","3","PveF4_MdiC4_PcyB4","mix ","mix ",1,"35.5",1396.9733,1712.8745,3109.8478,7.04,7.8,8.16,7.12,67.7687,14742.24,20.6138423785612,25.2753040858095,45.8891464643707,"mix","Pve_Mdi_Pcy"
"395",2019-08-02,"9","3","PveA4_MdiA4_PcyC4","mix ","mix ",2,"35.5",1695.8309,1357.7467,3053.5776,7.03,8,8.2,7.28,74.8597,15222.59,22.6534557311878,18.1372180225141,40.7906737537019,"mix","Pve_Mdi_Pcy"
"396",2019-08-02,"9","3","PveB4_MdiD4_PcyA4","mix ","mix ",3,"35.5",1913.5228,1487.3388,3400.8616,7.02,8.14,8.22,7.2,79.5651,14316.12,24.0497755925651,18.6933567606903,42.7431323532554,"mix","Pve_Mdi_Pcy"
"397",2019-08-02,"9","3","PdaA4_AmuD3_PruD4","mix ","mix ",4,"35.5",1549.7556,1095.1522,2644.9078,7.04,7.96,7.94,7.16,52.3977,9392.1,29.5767867673581,20.9007685451842,50.4775553125423,"mix","Pda_Amu_Pru"
"398",2019-08-02,"9","3","PdaB4_AmuB4_PruE4","mix ","mix ",5,"35.5",1324.0059,1014.4413,2338.4472,7.03,7.85,7.86,7.1,66.4399,10094.66,19.9278731605556,15.2685554915044,35.19642865206,"mix","Pda_Amu_Pru"
"399",2019-08-02,"9","3","PdaD4_AmuA3_PruA4","mix ","mix ",6,"35.5",1324.0059,1132.6657,2456.6716,7.01,7.83,7.71,6.86,73.5595,12049.43,17.9991150021411,15.3979526777643,33.3970676799054,"mix","Pda_Amu_Pru"
"400",2019-08-02,"9","3","SpiA4_AcyB4_PloB3","mix ","mix ",7,"35.5",1440.6254,1379.8134,2820.4388,7.02,7.88,7.76,6.77,71.5024,15970.51,20.1479306988297,19.2974417641925,39.4453724630222,"mix","Spi_Acy_Plo"
"401",2019-08-02,"9","3","SpiB3_AcyD3_PloC3","mix ","mix ",8,"35.5",1367.8719,1167.9725,2535.8444,7.02,7.84,7.6,6.73,55.7384,13376.79,24.5409251072869,20.9545394198614,45.4954645271483,"mix","Spi_Acy_Plo"
"402",2019-08-02,"9","3","SpiD4_AcyA3_PloD3","mix ","mix ",9,"35.5",1367.8719,1062.052,2429.9239,7.03,7.85,7.59,6.78,64.6955,15031.05,21.1432309820621,16.4161649573773,37.5593959394394,"mix","Spi_Acy_Plo"
"403",2019-08-07,"13","1","PveF1_MdiC1_PruD1","mix ","mix ",1,"35.6",1360.4896,1500.54,2861.0296,7.02,7.81,8.36,7.47,81.3309,18822.31,16.7278316113556,18.4498142772304,35.177645888586,"mix","Pve_Mdi_Pru"
"404",2019-08-07,"13","1","PveA1_MdiA1_PruE2","mix ","mix ",2,"35.6",1522.4834,1423.7382,2946.2216,7.01,7.91,8.34,7.46,75.1085,14922.1,20.2704540764361,18.9557533434964,39.2262074199325,"mix","Pve_Mdi_Pru"
"405",2019-08-07,"13","1","PveB1_MdiD1_PruA1","mix ","mix ",3,"35.6",2045.2522,1240.4464,3285.6986,7,8.17,8.2,7.44,93.1919,20652.62,21.9466734769867,13.3106675580174,35.2573410350041,"mix","Pve_Mdi_Pru"
"406",2019-08-07,"13","1","PdaA1_AmuD1_PloB1","mix ","mix ",4,"35.6",1780.6408,982.4225,2763.0633,7.01,8.01,7.84,7.23,50.9107,11976.18,34.975767373067,19.2969748991862,54.2727422722532,"mix","Pda_Amu_Plo"
"407",2019-08-07,"13","1","PdaB1_AmuB1_PloC1","mix ","mix ",5,"35.6",1746.1456,1106.6051,2852.7507,6.99,7.94,7.92,7.25,72.7807,16179.1,23.9918769673828,15.2046504086935,39.1965273760764,"mix","Pda_Amu_Plo"
"408",2019-08-07,"13","1","PdaD1_AmuA1_PloD1","mix ","mix ",6,"35.6",1237.5882,527.0862,1764.6744,6.98,7.66,7.44,7.05,61.1212,12059.52,20.2481004954091,8.62362322729266,28.8717237227018,"mix","Pda_Amu_Plo"
"409",2019-08-07,"13","1","SpiA1_AcyB1_PcyB1","mix ","mix ",7,"35.6",980.3528,734.0573,1714.4101,6.97,7.55,7.36,6.87,57.2653,9734.42,17.1194912102093,12.8185358323452,29.9380270425546,"mix","Spi_Acy_Pcy"
"410",2019-08-07,"13","1","SpiB1_AcyD1_PcyC1","mix ","mix ",8,"35.6",1332.2036,980.3528,2312.5564,6.95,7.7,7.44,6.81,77.3991,14661.65,17.2121329576184,12.6662041289886,29.8783370866069,"mix","Spi_Acy_Pcy"
"411",2019-08-07,"13","1","SpiD1_AcyA1_PcyA1","mix ","mix ",9,"35.6",1166.6267,1060.3816,2227.0083,6.96,7.63,7.42,6.75,62.3217,8559.33,18.7194299898751,17.0146449791966,35.7340749690718,"mix","Spi_Acy_Pcy"
"412",2019-08-07,"13","2","PveF3_MdiC3_PruD3","mix ","mix ",1,"35.6",1837.2129,1753.1309,3590.3438,7.1,8.07,8.44,7.47,75.6652,15917.11,24.2808173374286,23.1695799389944,47.450397276423,"mix","Pve_Mdi_Pru"
"413",2019-08-07,"13","2","PveA2_MdiA3_PruE3","mix ","mix ",2,"35.6",1941.0002,1594.3237,3535.3239,7.15,8.24,8.49,7.54,65.7779,13338.13,29.5083941567,24.237984186178,53.7463783428781,"mix","Pve_Mdi_Pru"
"414",2019-08-07,"13","2","PveB3_MdiD3_PruA3","mix ","mix ",3,"35.6",2193.893,1631.8372,3825.7302,7.19,8.3,8.45,7.48,74.7096,17243.87,29.3656103097862,21.842403118207,51.2080134279932,"mix","Pve_Mdi_Pru"
"415",2019-08-07,"13","2","PdaA2_AmuD2_PloB2","mix ","mix ",4,"35.6",1797.1985,1331.7292,3128.9277,7.19,8.14,8.14,7.33,45.3298,10431.76,39.6471747062639,29.3786692198068,69.0258439260707,"mix","Pda_Amu_Plo"
"416",2019-08-07,"13","2","PdaB2_AmuB2_PloC2","mix ","mix ",5,"35.6",1677.1553,1200.432,2877.5873,7.2,8.09,8.04,7.3,72.2018,14682.5,23.2287186746037,16.6260674941622,39.8547861687659,"mix","Pda_Amu_Plo"
"417",2019-08-07,"13","2","PdaD2_AmuA2_PloD2","mix ","mix ",6,"35.6",1531.5857,900.324,2431.9097,7.15,7.94,7.55,6.97,61.2449,12975.77,25.0075630787217,14.7003913795271,39.7079544582488,"mix","Pda_Amu_Plo"
"418",2019-08-07,"13","2","SpiA2_AcyB3_PcyB2","mix ","mix ",7,"35.6",1324.6146,1256.7022,2581.3168,7.19,7.88,7.66,6.89,58.5427,9084.61,22.6264692267354,21.4664202368528,44.0928894635881,"mix","Spi_Acy_Pcy"
"419",2019-08-07,"13","2","SpiB2_AcyD2_PcyC3","mix ","mix ",8,"35.6",434.6392,1406.7562,1841.3954,7.16,7.42,7.68,6.83,81.7692,13232.66,5.31543906507585,17.2039863420457,22.5194254071215,"mix","Spi_Acy_Pcy"
"420",2019-08-07,"13","2","SpiD2_AcyA2_PcyA2","mix ","mix ",9,"35.6",1386.7059,1406.7562,2793.4621,7.18,7.9,7.63,6.78,69.5052,10781.77,19.951110132767,20.2395820744347,40.1906922072018,"mix","Spi_Acy_Pcy"
"421",2019-08-07,"13","3","PveF4_MdiC4_PruD4","mix ","mix ",1,"35.6",1800.648,1833.1597,3633.8077,7.07,8.05,8.47,7.46,73.6079,17950.75,24.4627003351542,24.9043879800945,49.3670883152488,"mix","Pve_Mdi_Pru"
"422",2019-08-07,"13","3","PveA4_MdiA4_PruE4","mix ","mix ",2,"35.6",1996.9687,1744.3777,3741.3464,7.18,8.33,8.43,7.4,79.214,17589.66,25.2097949857348,22.021078344737,47.2308733304719,"mix","Pve_Mdi_Pru"
"423",2019-08-07,"13","3","PveB4_MdiD4_PruA4","mix ","mix ",3,"35.6",1940.6984,1650.594,3591.2924,7.2,8.32,8.33,7.35,83.1291,16763.51,23.3455961871354,19.8557905715327,43.2013867586681,"mix","Pve_Mdi_Pru"
"424",2019-08-07,"13","3","PdaA4_AmuD3_PloB3","mix ","mix ",4,"35.6",1580.5688,1245.2062,2825.775,7.22,8.09,8,7.26,50.801,12284.94,31.1129465955395,24.5114505619968,55.6243971575363,"mix","Pda_Amu_Plo"
"425",2019-08-07,"13","3","PdaB4_AmuB4_PloC3","mix ","mix ",5,"35.6",1260.4536,1050.378,2310.8316,7.22,7.93,7.81,7.15,62.1034,11772.19,20.29604820348,16.9133735029,37.20942170638,"mix","Pda_Amu_Plo"
"426",2019-08-07,"13","3","PdaD4_AmuA3_PloD3","mix ","mix ",6,"35.6",1226.6483,1419.4624,2646.1107,7.22,7.89,7.61,6.78,71.0837,14171.47,17.2563935191894,19.9688873820581,37.2252809012474,"mix","Pda_Amu_Plo"
"427",2019-08-07,"13","3","SpiA4_AcyB4_PcyB4","mix ","mix ",7,"35.6",1100.396,1481.7832,2582.1792,7.21,7.84,7.52,6.63,67.2599,9869.16,16.3603573600318,22.0307077471123,38.3910651071441,"mix","Spi_Acy_Pcy"
"428",2019-08-07,"13","3","SpiB3_AcyD3_PcyC4","mix ","mix ",8,"35.6",1060.3816,1154.0918,2214.4734,7.18,7.79,7.43,6.67,55.7206,9332.19,19.0303334852819,20.712120831434,39.7424543167159,"mix","Spi_Acy_Pcy"
"429",2019-08-07,"13","3","SpiD4_AcyA3_PcyA4","mix ","mix ",9,"35.6",1100.396,1212.9365,2313.3325,7.19,7.82,7.48,6.71,63.6073,10461.62,17.2998382261156,19.0691398628774,36.3689780889929,"mix","Spi_Acy_Pcy"
"430",2019-08-12,"17","1","SpiA4","Stylophora","Pocilloporidae",1,"35.5",466.4179,965.5087,1431.9266,7.26,7.54,7.54,6.98,39.6715,6484.63,11.7570018779224,24.3375899575262,36.0945918354486,"single","Spi"
"431",2019-08-12,"17","1","SpiB3","Stylophora","Pocilloporidae",2,"35.5",583.8795,813.1959,1397.0754,7.25,7.6,7.53,7.03,25.3771,5065.74,23.0081254359245,32.0444771073133,55.0526025432378,"single","Spi"
"432",2019-08-12,"17","1","SpiD4","Stylophora","Pocilloporidae",3,"35.5",806.5403,885.4799,1692.0202,7.25,7.7,7.65,7.13,28.5014,6490.73,28.2982695586883,31.0679440308195,59.3662135895079,"single","Spi"
"433",2019-08-12,"17","1","MdiC4","Montipora","Acroporidae",4,"35.5",666.4899,365.2927,1031.7826,7.24,7.62,7.47,7.21,21.3267,3411.4,31.2514313044212,17.128421180961,48.3798524853822,"single","Mdi"
"434",2019-08-12,"17","1","MdiA4","Montipora","Acroporidae",5,"35.5",975.351,485.3359,1460.6869,7.24,7.81,7.62,7.3,30.3893,4938.8,32.0952111433959,15.9706179477645,48.0658290911604,"single","Mdi"
"435",2019-08-12,"17","1","MdiD4","Montipora","Acroporidae",6,"35.5",1125.405,565.3647,1690.7697,7.24,7.89,7.68,7.32,37.309,4987.15,30.1644375351792,15.1535742046155,45.3180117397947,"single","Mdi"
"436",2019-08-12,"17","1","PruD4","Porites","Poritidae",7,"35.5",675.243,345.2855,1020.5285,7.24,7.65,7.5,7.25,17.8523,5232.45,37.8238658324138,19.3412333424825,57.1650991748962,"single","Pru"
"437",2019-08-12,"17","1","PruE4","Porites","Poritidae",8,"35.5",375.135,321.1389,696.2739,7.24,7.49,7.42,7.19,17.5779,5018.48,21.3412865018006,18.2694690492038,39.6107555510044,"single","Pru"
"438",2019-08-12,"17","1","PruA4","Porites","Poritidae",9,"35.5",157.9197,245.2495,403.1692,7.24,7.37,7.26,7.06,16.0989,4438.52,9.80934722248104,15.2339290262068,25.0432762486878,"single","Pru"
