Light incubation,,,,,Lazy coral experiment,,"Name: Lisa Hahn, Anna Emiglia Lang, AndrÈ Dietzmann",,,,,,,,,Dark incubation,,,,,,,,,
Date,Day,Salinity,Calcium mg / L,Run,Glass,Parking Space,Start Time,O2 start,Temp start,End Time,O2 end,Temp end,Syringe number,Comments,Stirring fish,Glass,Parking Space,Start Time,O2 start,Temp start,End Time,O2 end,Temp end,Comments,Stirring fish
7/22/2019,1,34,396-402,1,1,A2,10:10,6.84,25.2,10:40,7.47,26.3,1,,J,1,A2,11:12,7.76,26.5,11:42,7.34,26.9,,J
7/22/2019,1,34,396-402,1,2,A4 ,10:13,6.91,25.3,10:44,7.35,26.4,2,,J,2,A4,11:17,7.58,26.8,11:47,7.11,27.1,,J
7/22/2019,1,34,396-402,1,3,A6,10:14,6.94,25.3,10:46,7.36,26.5,3,,J,3,A6,11:20,7.46,26.9,11:50,7.02,27.1,,J
7/22/2019,1,34,396-402,1,4,A8,10:16,6.94,25.3,10:49,7.13,26.5,4,,J,4,A8,11:22,7.23,26.9,11:52,6.95,27.1,,J
7/22/2019,1,34,396-402,1,5,B2,10:18,6.86,25.3,10:51,7.02,26.4,5,,J,5,B2,11:23,7.02,26.7,11:54,6.88,27,,J
7/22/2019,1,34,396-402,1,6,B4,10:20,6.86,25.2,10:53,7.15,26.4,6,,J,6,B4,11:25,7.05,26.7,11:56,6.94,26.9,,J
7/22/2019,1,34,396-402,1,7,B6,10:22,6.91,25.2,10:56,7.14,26.5,7,,J,7,B6,11:27,6.97,26.7,11:59,6.83,27.1,,J
7/22/2019,1,34,396-402,1,8,B8,10:23,6.93,25.2,10:59,7.1,26.4,8,,J,8,B8,11:28,6.97,26.7,12:01,6.76,26.9,,J
7/22/2019,1,34,396-402,1,9,C6,10:25,6.92,25.1,11:02,7.02,26.7,9,Koralle sieht etwas blas aus ,J,9,C6,11:30,6.91,26.7,12:03,6.84,27.1,Koralle sieht etwas blas aus ,J
7/22/2019,1,34,396-402,1,10,C7,10:27,6.93,25.1,11:04,6.86,26.8,10,Kontrolle ,J,10,C7,11:31,6.85,27,12:05,6.79,27.1,Kontrolle,J
7/22/2019,1,34,396-402,2,1,A2,13:00,6.94,25.8,13:30,7.33,27.1,11,,J,1,A2,13:51,7.34,26.9,14:19,6.91,27.1,,J
7/22/2019,1,34,396-402,2,2,A4 ,13:01,6.93,25.7,13:33,7.32,27.2,12,,J,2,A4,13:55,7.44,27.1,14:25,7.05,27,,J
7/22/2019,1,34,396-402,2,3,A6,13:03,6.98,25.7,13:35,7.32,27.1,13,,J,3,A6,13:56,7.47,27.2,14:27,7.01,27.2,,J
7/22/2019,1,34,396-402,2,4,A8,13:04,6.96,25.7,13:36,7.12,27.1,14,,J,4,A8,13:57,7.27,27.1,14:29,7.03,27.1,,J
7/22/2019,1,34,396-402,2,5,B2,13:07,6.93,25.6,13:38,7.04,26.8,15,Koralle sieht etwas wieﬂ aus ,J,5,B2,14:00,7.02,27,14:32,6.91,27,Koralle sieht etwas wieﬂ aus ,J
7/22/2019,1,34,396-402,2,6,B4,13:09,7.01,25.6,13:39,7.15,26.7,16,,J,6,B4,14:01,7,27,14:33,6.92,27,,J
7/22/2019,1,34,396-402,2,7,B6,13:10,6.99,25.6,13:41,7.16,26.8,17,,J,7,B6,14:02,6.97,27.1,14:35,6.87,27.1,,J
7/22/2019,1,34,396-402,2,8,B8,13:12,6.98,25.7,13:43,7.07,26.6,18,,J,8,B8,14:03,6.94,26.9,14:37,6.78,27,,J
7/22/2019,1,34,396-402,2,9,C6,13:14,7.01,25.4,13:44,7.06,26.9,19,,J,9,C6,14:05,6.93,27.1,14:39,6.82,26.9,,J
7/22/2019,1,34,396-402,2,10,C7,13:16,7.01,25.4,13:46,6.93,26.9,20,Kontrolle ,J,10,C7,14:06,6.87,27,14:40,6.9,26.9,Kontrolle,J
7/22/2019,1,34,396-402,3,1,A2,14:58,6.95,26.1,15:28,7.55,27.3,21,,J,1,A2,15:52,7.64,27.2,16:22,7.09,27.1,,J
7/22/2019,1,34,396-402,3,2,A4 ,14:59,7,26.1,15:30,7.51,27.3,22,,J,2,A4,15:54,7.66,27.3,16:25,7.12,27.2,,J
7/22/2019,1,34,396-402,3,3,A6,15:01,6.99,26.1,15:32,7.3,27.1,23,,J,3,A6,15:55,7.58,27.3,16:28,6.95,27.1,,J
7/22/2019,1,34,396-402,3,4,A8,15:02,6.89,26,15:34,7.11,27.1,24,,J,4,A8,15:56,7.25,27.3,16:30,6.84,27.2,,J
7/22/2019,1,34,396-402,3,5,B2,15:04,6.96,26,15:35,7.03,26.9,25,,J,5,B2,15:57,7.11,27.1,16:32,6.83,27.1,,J
7/22/2019,1,34,396-402,3,6,B4,15:05,6.92,26,15:37,7.18,26.9,26,,J,6,B4,15:59,7.18,27.1,16:36,6.84,27.1,,J
7/22/2019,1,34,396-402,3,7,B6,15:07,6.85,26,15:40,7.15,27,27,,J,7,B6,16:00,7.17,27.2,16:37,6.8,27.2,,J
7/22/2019,1,34,396-402,3,8,B8,15:08,6.88,25.9,15:42,7.08,27,28,OB von Koralle an manchen Stellen etwas heller,J,8,B8,16:01,7.06,27.2,16:38,6.78,27.1,,J
7/22/2019,1,34,396-402,3,9,C6,15:09,6.9,25.8,15:43,7.14,27,29,,J,9,C6,16:02,7.02,26.9,16:40,6.77,27,,J
7/22/2019,1,34,396-402,3,10,C7,15:11,6.97,25.7,15:46,6.92,27,30,Kontrolle ,J,10,C7,16:03,6.94,27,16:42,6.9,27.1,Kontrolle ,J
7/23/2019,2,34.2,388-392 ,1,1,A2,9:48,6.97,25.2,10:18,7.22,26.2,1,,J,1,A2,10:38,7.28,26.4,11:08,7,26.8,,J
7/23/2019,2,34.2,388-392,1,2,A4 ,9:50,6.92,25.2,10:20,7.53,26.4,2,,J,2,A4,10:40,7.51,26.5,11:10,7.22,26.9,,J
7/23/2019,2,34.2,388-392,1,3,A6,9:51,6.98,25.2,10:23,7.12,26.4,3,Koralle hat weiﬂe Stellen,J,3,A6,10:42,7.28,26.6,11:12,6.96,27.1,Koralle hat weiﬂe Stellen,J
7/23/2019,2,34.2,388-392,1,4,A8,9:53,6.98,25.2,10:24,7.06,26.3,4,,J,4,A8,10:44,7.09,26.7,11:14,6.95,27.1,,J
7/23/2019,2,34.2,388-392,1,5,B2,9:54,6.98,25.1,10:26,7.03,25.9,5,,J,5,B2,10:45,7.02,26.2,11:16,6.92,26.6,,J
7/23/2019,2,34.2,388-392,1,6,B4,9:55,6.98,25.1,10:27,7.06,25.8,6,Koralle hat weiﬂe Stellen ,J,6,B4,10:46,7.03,26.2,11:17,6.93,26.6,Koralle hat weiﬂe Stellen ,J
7/23/2019,2,34.2,388-392,1,7,B6,9:57,6.98,25,10:29,7.11,26,7,,J,7,B6,10:48,7.08,26.2,11:19,6.95,26.6,,J
7/23/2019,2,34.2,388-392,1,8,B8,9:58,6.95,25.1,10:30,7.07,25.9,8,,J,8,B8,10:49,7.06,26.2,11:21,6.88,26.5,,J
7/23/2019,2,34.2,388-392,1,9,C6,10:00,6.94,25.1,10:32,7,26.5,9,,J,9,C6,10:51,6.96,26.3,11:22,6.8,27.6,,J
7/23/2019,2,34.2,388-392,1,10,C7,10:01,6.96,25,10:33,6.91,26.6,10,Kontrolle ,J,10,C7,10:52,6.9,26.8,11:24,6.84,27.3,Kontrolle ,J
7/23/2019,2,34.2,388-392,2,1,A2,12:25,6.81,25.6,12:55,7.4,27,11,,J,1,A2,13:16,7.22,27.2,13:47,6.99,27.1,,J
7/23/2019,2,34.2,388-392,2,2,A4 ,12:26,6.94,25.8,12:58,7.65,27.2,12,,J,2,A4,13:18,7.84,27.3,13:49,7.43,27.4,,J
7/23/2019,2,34.2,388-392,2,3,A6,12:28,6.97,25.8,13:00,7.45,27.4,13,,J,3,A6,13:19,7.61,27.4,13:51,6.97,27.5,,J
7/23/2019,2,34.2,388-392,2,4,A8,12:29,6.96,25.8,13:02,7.09,27.4,14,,J,4,A8,13:20,7.3,27.5,13:54,7.03,27.5,,J
7/23/2019,2,34.2,388-392,2,5,B2,12:30,6.91,25.8,13:03,7.04,27.3,15,,J,5,B2,13:22,7.16,27.3,13:56,6.99,27.3,,J
7/23/2019,2,34.2,388-392,2,6,B4,12:32,6.94,25.7,13:04,7.06,27.3,16,,J,6,B4,13:23,7.08,27.2,13:57,6.96,27.3,,J
7/23/2019,2,34.2,388-392,2,7,B6,12:33,6.94,25.8,13:06,7.03,27.3,17,,J,7,B6,13:24,7.07,27.3,13:58,6.96,27.3,,J
7/23/2019,2,34.2,388-392,2,8,B8,12:35,6.92,25.7,13:07,7.08,27.3,18,,J,8,B8,13:26,7.07,27.2,14:00,6.94,27.3,,J
7/23/2019,2,34.2,388-392,2,9,C6,12:36,6.94,25.7,13:09,7.13,27.1,19,,J,9,C6,13:27,7.05,27.1,14:01,6.85,27.2,,J
7/23/2019,2,34.2,388-392,2,10,C7,12:37,6.95,25.7,13:11,7,27.2,20,Kontrolle ,J,10,C7,13:28,6.98,27.1,14:03,6.92,27.2,Kontrolle,J
7/23/2019,2,34.2,388-392,3,1,A2,14:34,6.98,25.8,15:04,7.23,27.2,21,,J,1,A2,15:24,7.14,27.3,15:54,6.94,27.3,,J
7/23/2019,2,34.2,388-392,3,2,A4 ,14:36,7,25.9,15:07,7.45,27.2,22,,J,2,A4 ,15:27,7.56,27.4,15:56,7.14,27.5,,J
7/23/2019,2,34.2,388-392,3,3,A6,14:37,7.01,25.9,15:09,7.28,27.4,23,,J,3,A6,15:28,7.26,27.4,15:58,6.9,27.5,,J
7/23/2019,2,34.2,388-392,3,4,A8,14:39,7.04,25.9,15:11,7.13,27.4,24,,J,4,A8,15:30,7.11,27.5,16:00,6.91,27.6,,J
7/23/2019,2,34.2,388-392,3,5,B2,14:40,7.04,25.8,15:12,7.13,27.2,25,,J,5,B2,15:31,7.01,27.3,16:02,6.94,27.4,,J
7/23/2019,2,34.2,388-392,3,6,B4,14:41,7.03,25.8,15:13,7.15,27.2,26,,J,6,B4,15:32,7.03,27.3,16:03,6.91,27.4,,J
7/23/2019,2,34.2,388-392,3,7,B6,14:42,7.02,25.8,15:14,7.11,27.2,27,,J,7,B6,15:33,7.04,27.4,16:04,6.89,27.5,,J
7/23/2019,2,34.2,388-392,3,8,B8,14:44,7,25.7,15:16,7.15,27.2,28,,J,8,B8,15:35,7.03,27.3,16:06,6.86,27.5,,J
7/23/2019,2,34.2,388-392,3,9,C6,14:45,6.99,25.7,15:17,7.14,27.1,29,,J,9,C6,15:36,7.01,27.1,16:07,6.88,27.1,,J
7/23/2019,2,34.2,388-392,3,10,C7,14:46,6.99,25.6,15:18,7.03,27.1,30,Kontrolle ,J,10,C7,15:37,6.95,27.1,16:08,6.9,27.1,Kontrolle ,J
7/24/2019,3,34.4,388-392,1,1,A2,10:10,6.86,25.4,10:40,7.18,26.3,1,,J,1,A2,11:00,7.31,26.3,11:30,6.7,26.7,,J
7/24/2019,3,34.4,388-392,1,2,A4 ,10:12,6.93,25.5,10:42,7.44,26.2,2,,J,2,A4 ,11:01,7.52,26.4,11:32,7.02,27.2,,J
7/24/2019,3,34.4,388-392,1,3,A6,10:13,6.95,25.5,10:44,7.42,26.3,3,,J,3,A6,11:02,7.45,26.5,11:34,7.02,27.1,,J
7/24/2019,3,34.4,388-392,1,4,A8,10:14,6.94,25.4,10:46,7.44,26.3,4,,J,4,A8,11:03,7.41,26.6,11:35,7.06,27.1,,J
7/24/2019,3,34.4,388-392,1,5,B2,10:16,6.94,25.5,10:47,7.42,26,5,,J,5,B2,11:05,7.44,26.2,11:37,7.11,26.7,,J
7/24/2019,3,34.4,388-392,1,6,B4,10:17,6.92,25.5,10:48,7.51,26.1,6,,J,6,B4,11:06,7.46,26.2,11:38,7.06,26.7,,J
7/24/2019,3,34.4,388-392,1,7,B6,10:19,6.91,25.4,10:50,7.26,26.1,7,,J,7,B6,11:07,7.27,26.4,11:39,6.97,26.8,,J
7/24/2019,3,34.4,388-392,1,8,B8,10:20,6.91,25.4,10:51,7.11,26.1,8,,J,8,B8,11:08,7.12,26.3,11:40,6.89,26.8,,J
7/24/2019,3,34.4,388-392,1,9,C6,10:21,6.93,25.3,10:52,7.1,26.7,9,,J,9,C6,11:09,7.02,26.8,11:42,6.83,27.2,,J
7/24/2019,3,34.4,388-392,1,10,C7,10:22,6.94,25.3,10:54,6.98,26.7,10,Kontrolle ,J,10,C7,11:10,6.97,26.8,11:43,6.84,26.8,Kontrolle,J
7/24/2019,3,34.4,388-392,2,1,A2,12:19,6.95,25.9,12:49,7.42,27.3,11,,J,1,A2,13:10,7.57,27.3,13:40,7.19,27.3,,J
7/24/2019,3,34.4,388-392,2,2,A4 ,12:21,7.02,26,12:52,7.56,27.4,12,,J,2,A4 ,13:11,7.69,27.4,13:43,7.18,27.5,,J
7/24/2019,3,34.4,388-392,2,3,A6,12:22,7.02,25.9,12:54,7.57,27.5,13,,J,3,A6,13:12,7.8,27.5,13:44,7.24,27.6,,J
7/24/2019,3,34.4,388-392,2,4,A8,12:23,7,25.9,12:55,7.6,27.5,14,,J,4,A8,13:14,7.7,27.5,13:46,7.26,27.7,,J
7/24/2019,3,34.4,388-392,2,5,B2,12:24,7.01,25.8,12:56,7.55,27.2,15,,J,5,B2,13:15,7.48,27.3,13:47,7.2,27.4,,J
7/24/2019,3,34.4,388-392,2,6,B4,12:25,7,25.8,12:57,7.55,27.2,16,,J,6,B4,13:17,7.5,27.3,13:48,7.13,27.4,,J
7/24/2019,3,34.4,388-392,2,7,B6,12:26,7,25.8,12:59,7.32,27.3,17,,J,7,B6,13:18,7.3,27.3,13:50,7.03,27.5,,J
7/24/2019,3,34.4,388-392,2,8,B8,12:28,7,25.8,13:01,7.22,27.3,18,,J,8,B8,13:19,7.13,27.2,13:51,6.94,27.4,,J
7/24/2019,3,34.4,388-392,2,9,C6,12:29,7.03,25.7,13:02,7.21,27.1,19,,J,9,C6,13:20,7.13,27,13:52,6.93,27.1,,J
7/24/2019,3,34.4,388-392,2,10,C7,12:30,7.04,25.6,13:03,7.06,27.1,20,Kontrolle ,J,10,C7,13:21,7,27.1,13:54,6.91,27.1,Kontrolle ,J
7/24/2019,3,34.4,388-392,3,1,A2,14:35,6.89,25.9,15:05,7.36,27.3,21,,J,1,A2,15:26,7.66,27.3,15:56,7.07,27.1,,J
7/24/2019,3,34.4,388-392,3,2,A4 ,14:36,6.97,26.2,15:08,7.35,27.4,22,,J,2,A4 ,15:27,7.51,27.4,15:59,7.02,27.1,,J
7/24/2019,3,34.4,388-392,3,3,A6,14:37,6.99,26.2,15:09,7.6,27.5,23,,J,3,A6,15:30,7.76,27.5,16:01,7.26,26.9,,J
7/24/2019,3,34.4,388-392,3,4,A8,14:39,7,26.2,15:11,7.56,27.5,24,,J,4,A8,15:31,7.64,27.5,16:04,7.11,27,,J
7/24/2019,3,34.4,388-392,3,5,B2,14:40,7.01,26.1,15:13,7.55,27.3,25,,J,5,B2,15:32,7.57,27.3,16:06,7.04,27.3,,J
7/24/2019,3,34.4,388-392,3,6,B4,14:41,7.03,26.1,15:14,7.61,27.3,26,,J,6,B4,15:33,7.54,27.3,16:10,7.01,27.4,,J
7/24/2019,3,34.4,388-392,3,7,B6,14:42,7.01,26,15:15,7.45,27.4,27,,J,7,B6,15:34,7.31,27.3,16:12,6.96,27.3,,J
7/24/2019,3,34.4,388-392,3,8,B8,14:44,6.99,26,15:17,7.25,27.3,28,,J,8,B8,15:35,7.15,27.3,16:14,6.91,27.3,,J
7/24/2019,3,34.4,388-392,3,9,C6,14:45,6.99,25.9,15:18,7.17,27.3,29,,J,9,C6,15:37,7.09,27.2,16:15,6.92,27.1,,J
7/24/2019,3,34.4,388-392,3,10,C7,14:46,6.98,25.9,15:20,7.07,27.3,30,Kontrolle ,J,10,C7,15:38,7.02,27.1,16:17,6.93,27.1,Kontrolle ,J
7/26/2019,4,34.6,394,1,1,A2,10:16,6.8,25.3,10:46,7.84,26.8,1,,J,1,A2,11:12,8.91,27.1,11:42,6.88,27.2,,J
7/26/2019,4,34.6,394,1,2,A4 ,10:17,6.85,25.5,10:50,7.84,26.9,2,,J,2,A4 ,11:15,8.06,27.3,11:45,6.97,27.3,,J
7/26/2019,4,34.6,394,1,3,A6,10:19,6.87,25.5,10:51,7.76,27,3,,J,3,A6,11:17,7.95,27.3,11:47,6.27,27.4,,J
7/26/2019,4,34.6,394,1,4,A8,10:20,6.85,25.5,10:52,7.44,27.1,4,,J,4,A8,11:19,7.53,27.4,11:51,6.81,27.5,,J
7/26/2019,4,34.6,394,1,5,B2,10:22,6.85,25.5,10:54,7.28,26.8,5,,J,5,B2,11:21,7.33,27,11:53,6.87,27.2,,J
7/26/2019,4,34.6,394,1,6,B4,10:23,6.85,25.5,10:55,7.75,26.9,6,,J,6,B4,11:23,7.81,27,11:54,7.03,27.2,,J
7/26/2019,4,34.6,394,1,7,B6,10:24,6.84,25.4,10:59,7.52,27,7,,J,7,B6,11:26,7.32,27.1,11:56,6.63,27.3,,J
7/26/2019,4,34.6,394,1,8,B8,10:26,6.84,25.4,11:01,7.37,26.9,8,,J,8,B8,11:27,7.13,27.1,11:59,6.59,27.3,,J
7/26/2019,4,34.6,394,1,9,C6,10:27,6.83,25.4,11:03,7.31,27.1,9,,J,9,C6,11:28,7.04,27.1,12:00,6.58,27.3,,J
7/26/2019,4,34.6,394,1,10,C7,10:28,6.82,25.3,11:04,6.88,27.2,10,Kontrolle,J,10,C7,11:29,6.91,27.1,12:01,6.74,27.3,Kontrolle,J
7/26/2019,4,34.6,394,2,1,A2,12:31,6.88,25.9,13:01,7.97,27.2,11,,J,1,A2,13:35,9.05,27.2,14:05,7.92,27.4,,J
7/26/2019,4,34.6,394,2,2,A4 ,12:32,6.96,25.9,13:05,8.42,27.3,12,,J,2,A4 ,13:40,9.58,27.4,14:08,8.2,27.5,,J
7/26/2019,4,34.6,394,2,3,A6,12:34,6.93,25.9,13:08,8.46,27.5,13,,J,3,A6,13:43,9.06,27.5,14:10,7.5,27.5,,J
7/26/2019,4,34.6,394,2,4,A8,12:35,6.93,25.8,13:09,7.4,27.5,14,,J,4,A8,13:47,7.5,27.5,14:12,7.2,27.4,,J
7/26/2019,4,34.6,394,2,5,B2,12:37,6.92,25.8,13:14,8.31,27.4,15,,J,5,B2,13:50,8.58,27.2,14:14,7.53,27.2,,J
7/26/2019,4,34.6,394,2,6,B4,12:39,6.91,25.7,13:18,7.81,27.4,16,,J,6,B4,13:53,7.63,27.4,14:16,7.26,27.2,,J
7/26/2019,4,34.6,394,2,7,B6,12:40,6.89,25.8,13:21,7.61,27.4,17,,J,7,B6,13:54,7.44,27.3,14:24,6.85,27.3,,J
7/26/2019,4,34.6,394,2,8,B8,12:41,6.88,25.7,13:23,7.48,27.5,18,,J,8,B8,13:56,7.24,27.3,14:26,6.79,27.5,,J
7/26/2019,4,34.6,394,2,9,C6,12:44,6.88,25.7,13:25,7.22,27.1,19,Acy-D,J,9,C6,13:58,7.11,27.2,14:27,6.75,27.3,Acy-D,J
7/26/2019,4,34.6,394,2,10,C7,12:44,6.88,25.7,13:27,6.94,27.2,20,Kontrolle ,J,10,C7,13:59,6.97,27.1,14:29,6.77,27.3,Kontrolle,J
7/26/2019,4,34.6,394,3,1,A2,15:12,6.55,25.9,15:42,7.63,27.3,21,,J,1,A2,16:16,8.8,27.2,16:46,6.86,27.3,,J
7/26/2019,4,34.6,394,3,2,A4 ,15:14,6.81,26,15:46,7.57,27.3,22,,J,2,A4 ,16:19,7.87,27.2,16:49,6.65,27.4,,J
7/26/2019,4,34.6,394,3,3,A6,15:15,6.88,26,15:47,7.92,27.3,23,,J,3,A6,16:20,8.22,27.3,16:51,7.08,27.5,,J
7/26/2019,4,34.6,394,3,4,A8,15:17,6.86,26,15:51,7.83,27.3,24,,J,4,A8,16:22,8.07,27.2,16:54,7.11,27.6,,J
7/26/2019,4,34.6,394,3,5,B2,15:20,6.89,25.9,15:53,7.64,27.3,25,,J,5,B2,16:24,7.77,27.1,16:55,6.96,27.3,,J
7/26/2019,4,34.6,394,3,6,B4,15:23,6.86,25.9,15:55,8.35,27.1,26,,J,6,B4,16:26,7.92,27.1,16:57,7.05,27.2,,J
7/26/2019,4,34.6,394,3,7,B6,15:24,6.8,25.8,15:58,7.72,27.2,27,,J,7,B6,16:29,7.52,27.1,16:59,6.86,27.3,,J
7/26/2019,4,34.6,394,3,8,B8,15:25,6.82,25.8,16:01,7.44,27.2,28,,J,8,B8,16:31,7.2,27.1,17:01,6.6,27.2,,J
7/26/2019,4,34.6,394,3,9,C6,15:27,6.8,25.7,16:03,7.35,27.1,29,,J,9,C6,16:32:00,7.13,26.9,17:03,6.61,27.2,,J
7/26/2019,4,34.6,394,3,10,C7,15:27,6.81,25.7,16:04,6.88,27.1,30,Kontrolle,J,10,C7,16:33,6.96,27,17:04,6.68,27.1,Kontrolle,J
7/29/2019,5,35,394,1,1,A2,10:13,6.81,25.5,10:43,8.22,26.4,1,,J,1,A2,11:11,9.05,26.7,11:41,7.52,26.9,,J
7/29/2019,5,35,394,1,2,A4 ,10:15,6.88,25.6,10:46,8.17,26.6,2,Pda-D1 runter gefallen ,J,2,A4 ,11:14,8.8,26.9,11;44,7.54,27,Pda-D1 runter gefallen ,J
7/29/2019,5,35,394,1,3,A6,10:17,6.88,25.5,10:48,8.19,26.8,3,,J,3,A6,11:16,8.66,26.9,11:46,7.39,27,,J
7/29/2019,5,35,394,1,4,A8,10:19,6.91,25.4,10:49,7.67,26.9,4,,J,4,A8,11:19,7.93,27,11:48,7.23,26.9,,J
7/29/2019,5,35,394,1,5,B2,10:20,6.91,25.4,10:52,7.39,26.2,5,,J,5,B2,11:22,7.22,26.3,11:50,7.04,26.6,,J
7/29/2019,5,35,394,1,6,B4,10:22,6.9,25.4,10:54,8.34,26.2,6,,J,6,B4,11:24,7.96,26.3,11:52,7.14,26.6,,J
7/29/2019,5,35,394,1,7,B6,10:23,6.88,25.4,10:58,7.82,26.3,7,,J,7,B6,11:28,7.58,26.4,11:58,6.58,26.6,,J
7/29/2019,5,35,394,1,8,B8,10:24,6.87,25.4,11:00,7.63,26.1,8,,J,8,B8,11:30,7.35,26.4,12:00,6.65,26.5,,J
7/29/2019,5,35,394,1,9,C6,10:25,6.85,25.4,11:01,7.55,26.8,9,,J,9,C6,11:31,7.16,26.9,12:01,6.65,26.9,,J
7/29/2019,5,35,394,1,10,C7,10:26,6.85,25.3,11:03,6.93,26.9,10,Kontrolle ,J,10,C7,11:32,6.96,27,12:03,6.8,27,Kontrolle ,J
7/29/2019,5,35,394,2,1,A2,12:36,6.81,25.8,13:06,8.18,25.9,11,,J,1,A2,13:34,9.08,27.1,14:04,7.66,27.2,,J
7/29/2019,5,35,394,2,2,A4 ,12:37,6.89,26,13:09,8.36,26.6,12,,J,2,A4 ,13:36,9.1,27.1,14:07,7.59,27.3,,J
7/29/2019,5,35,394,2,3,A6,12:39,6.91,26,13:10,8.41,27,13,,J,3,A6,13:38,9.08,27.1,14:08,7.62,27.3,,J
7/29/2019,5,35,394,2,4,A8,12:40,6.92,26,13:12,7.72,27,14,,J,4,A8,13:42,7.89,27,14:10,7.33,27.2,,J
7/29/2019,5,35,394,2,5,B2,12:41,6.93,25.9,13:15,7.58,26.9,15,,J,5,B2,13:44,7.66,26.9,14.14,7.16,27,,J
7/29/2019,5,35,394,2,6,B4,12:44,6.93,25.9,13:17,8.11,26.8,16,Plo A2 B2 C2 -> Algenbewuchs,J,6,B4,13:47,8.23,26.9,14:17,7.12,27,Plo A2 B2 C2 -> Algenbewuchs,J
7/29/2019,5,35,394,2,7,B6,12:47,6.91,25.9,13:20,7.63,27,17,,J,7,B6,13:49,7.6,26.9,14:18,6.88,27.1,,J
7/29/2019,5,35,394,2,8,B8,12:48,6.95,25.8,13:23,7.55,26.9,18,,J,8,B8,13:51,7.36,26.9,14:21,6.72,26.9,,J
7/29/2019,5,35,394,2,9,C6,12:49,6.93,25.7,13:25,7.48,27.2,19,,J,9,C6,13:52,7.29,26.9,14:23,6.74,26.9,,J
7/29/2019,5,35,394,2,10,C7,12:50,6.94,25.6,13:26,6.96,27.1,20,Kontrolle,J,10,C7,13:53,7.09,26.9,14:24,6.85,26.9,Kontrolle,J
7/29/2019,5,35,394,3,1,A2,15:02,6.8,26.3,15:33,7.88,27,21,,J,1,A2,16:03,9.03,27.1,16:33,7.4,27.1,,J
7/29/2019,5,35,394,3,2,A4 ,15:03,6.87,26.3,15:36,7.95,27.2,22,,J,2,A4 ,16:07,8.66,27.2,16:37,7.38,27.2,,J
7/29/2019,5,35,394,3,3,A6,15:05,6.86,26.4,15:38,8.21,27.3,23,,J,3,A6,16:09,8.84,27.2,16:38,7.39,27.2,,J
7/29/2019,5,35,394,3,4,A8,15:06,6.87,26.3,15:40,7.74,27.2,24,,J,4,A8,16:12,8.02,27.2,16:40,7.28,27.1,,J
7/29/2019,5,35,394,3,5,B2,15:09,6.89,26.3,15:43,7.32,27.4,25,,J,5,B2,16:14,7.46,27,16:42,7.06,27,,J
7/29/2019,5,35,394,3,6,B4,15:11,6.89,26.2,15:45,8.25,27.5,26,,J,6,B4,16:16,7.88,27,16:44,7.21,27,,J
7/29/2019,5,35,394,3,7,B6,15:14,6.89,26.1,15:48,7.55,27.5,27,Plo A3 B3 C3 -> Algenbewuchs,J,7,B6,16:19,7.55,27,16:46,6.96,27,Plo A3 B3 C3 -> Algenbewuchs,J
7/29/2019,5,35,394,3,8,B8,15:15,6.89,26.1,15:52,7.4,27.4,28,,J,8,B8,16:20,7.32,26.9,16:49,6.81,26.9,,J
7/29/2019,5,35,394,3,9,C6,15:16,6.89,26,15:53,7.39,26.9,29,,J,9,C6,16:22,7.18,29.9,16:51,6.75,26.9,,J
7/29/2019,5,35,394,3,10,C7,15:16,6.9,25.9,15:55,6.95,26.9,30,Kotrolle ,J,10,C7,16:23,6.93,29.9,16:52,6.78,26.9,Kontrolle ,J
7/30/2019,6,35.1,394,1,1,A2,10:02,6.94,25.4,10:34,7.96,26.7,1,,J,1,A2,10:59,8.38,26.7,11:29,7.31,26.9,,J
7/30/2019,6,35.1,394,1,2,A4 ,10:04,6.94,25.5,10:38,8.24,26.8,2,,J,2,A4 ,11:01,8.92,26.9,11:32,7.39,27.1,,J
7/30/2019,6,35.1,394,1,3,A6,10:06,6.93,25.5,10:39,8.3,27,3,,J,3,A6,11:03,8.55,27.1,11:34,7.3,27,,J
7/30/2019,6,35.1,394,1,4,A8,10:07,6.94,25.4,10:41,7.68,27.1,4,,J,4,A8,11:06,7.88,27.1,11:36,7.24,27.6,,J
7/30/2019,6,35.1,394,1,5,B2,10:09,6.92,25.4,10:43,7.85,26.3,5,,J,5,B2,11:08,7.83,26.2,11:37,7.26,26.5,,J
7/30/2019,6,35.1,394,1,6,B4,10:10,6.91,25.4,10:44,7.79,26.9,6,,J,6,B4,11:09,7.88,26.1,11:38,7.27,26.5,,J
7/30/2019,6,35.1,394,1,7,B6,10:11,6.91,25.3,10:46,7.75,26.4,7,,J,7,B6,11:11,7.43,26.4,11:39,6.96,26.6,,J
7/30/2019,6,35.1,394,1,8,B8,10:12,6.89,25.3,10:47,7.64,26.4,8,,J,8,B8,11:13,7.28,26.5,11:42,6.84,26.5,,J
7/30/2019,6,35.1,394,1,9,C6,10:13,6.88,25.3,10:49,7.56,26.7,9,,J,9,C6,11:14,7.15,26.7,11:44,6.73,27.1,,J
7/30/2019,6,35.1,394,1,10,C7,10:14,6.89,25.2,10:50,6.94,26.7,10,Kontrolle ,J,10,C7,11:16,6.91,27.1,11:46,6.76,27.1,Kontrolle ,J
7/30/2019,6,35.1,394,2,1,A2,12:14,6.94,25.9,12:45,8.13,27.1,11,,J,1,A2,13:14,8.89,27.1,13:44,7.64,27.1,,J
7/30/2019,6,35.1,394,2,2,A4 ,12:15,6.91,25.9,12:50,8.72,27.2,12,,J,2,A4 ,13:17,9.53,27,13:50,7.71,27.3,,J
7/30/2019,6,35.1,394,2,3,A6,12:16,6.92,25.9,12:53,8.63,27.3,13,,J,3,A6,13:18,9.14,27.1,13:51,7.55,27.3,,J
7/30/2019,6,35.1,394,2,4,A8,12:18,6.94,25.8,12:54,8.09,27.3,14,,J,4,A8,13:22,8.26,27,13:53,7.44,27.1,,J
7/30/2019,6,35.1,394,2,5,B2,12:19,6.95,25.8,12:57,7.98,27,15,,J,5,B2,13:23,8.04,26.8,13:55,7.37,27,,J
7/30/2019,6,35.1,394,2,6,B4,12:21,6.92,25.7,12:58,8.01,27.1,16,,J,6,B4,13:25,7.99,26.9,13:57,7.38,27.1,,J
7/30/2019,6,35.1,394,2,7,B6,12:22,6.93,25.7,13:00,7.82,27.1,17,,J,7,B6,13:29,7.48,27,13:58,7.14,27,,J
7/30/2019,6,35.1,394,2,8,B8,12:23,6.94,25.7,13:01,7.71,27.1,18,,J,8,B8,13:30,7.4,26.9,14:00,7.02,26.9,,J
7/30/2019,6,35.1,394,2,9,C6,12:24,6.94,25.6,13:03,7.63,27.2,19,,J,9,C6,12:32,7.37,26.8,14:01,6.87,27,,J
7/30/2019,6,35.1,394,2,10,C7,12:25,6.94,25.7,13:04,7,27.2,20,Kontrolle ,J,10,C7,12:33,7.03,26.9,14:03,6.86,27.1,Kontrolle ,J
7/30/2019,6,35.1,394,3,1,A2,14:35,6.89,26.2,15:05,8.31,27.1,21,,J,1,A2,15:32,9.19,27.1,16:02,7.52,27.2,,J
7/30/2019,6,35.1,394,3,2,A4 ,14:36,6.94,26.2,15:09,8.26,27.2,22,,J,2,A4 ,15:34,8.99,27.2,16:06,7.42,27.3,,J
7/30/2019,6,35.1,394,3,3,A6,14:38,6.94,26.2,15:10,8.12,27.3,23,,J,3,A6,15:36,8.67,27.2,16:07,7.82,27.3,,J
7/30/2019,6,35.1,394,3,4,A8,14:39,6.93,26.1,15:12,7.77,27.2,24,,J,4,A8,15:38,8.19,27.1,16:09,7.24,27.2,,J
7/30/2019,6,35.1,394,3,5,B2,14:41,6.92,26.1,15:15,7.79,27,25,,J,5,B2,15:39,8.04,27.1,16:10,7.28,27,,J
7/30/2019,6,35.1,394,3,6,B4,14:42,6.93,26.1,15:16,8.17,27,26,,J,6,B4,15:40,8.02,26.8,16:11,7.32,27,,J
7/30/2019,6,35.1,394,3,7,B6,14:43,6.91,26,15:19,7.55,27.1,27,,J,7,B6,15:43,7.5,26.8,16:12,7.02,27,,J
7/30/2019,6,35.1,394,3,8,B8,14:45,6.92,25.9,15:22,7.4,27.1,28,,J,8,B8,15:44,7.36,26.9,16:14,6.95,26.9,,J
7/30/2019,6,35.1,394,3,9,C6,14:45,6.9,25.9,15:24,7.4,27.4,29,,J,9,C6,15:46,7.31,26.8,16:16,6.89,27,,J
7/30/2019,6,35.1,394,3,10,C7,14:46,6.9,25.8,15:25,6.99,27.1,30,Kontrolle ,J,10,C7,15:47,7.02,26.9,16:17,6.89,27,Kontrolle ,J
7/31/2019,7,35.3,398,1,1,A2,10:33,6.92,25.6,11:04,7.8,26.9,1,,J,1,A2,11:29,8.47,26.9,11:59,7.44,27,,J
7/31/2019,7,35.3,398,1,2,A4 ,10:35,6.94,25.6,11:07,7.89,26.9,2,,J,2,A4 ,11:30,8.43,27,12:03,7.37,27.1,,J
7/31/2019,7,35.3,398,1,3,A6,10:36,6.93,25.6,11:08,8.02,26.9,3,,J,3,A6,11:31,8.33,27.1,12:04,7.31,27.1,,J
7/31/2019,7,35.3,398,1,4,A8,10:37,6.93,25.6,11:10,7.83,27,4,,J,4,A8,11:33,7.97,27,12:05,7.24,27,,J
7/31/2019,7,35.3,398,1,5,B2,10:38,6.93,25.5,11:12,7.84,26.6,5,,J,5,B2,11:34,7.99,26.7,12:06,7.33,26.8,,J
7/31/2019,7,35.3,398,1,6,B4,10:40,6.92,25.5,11:13,7.62,26.6,6,,J,6,B4,11:37,7.55,26.6,12:08,6.95,26.8,,J
7/31/2019,7,35.3,398,1,7,B6,10:41,6.92,25.5,11:15,7.77,26.7,7,,J,7,B6,11:39,7.75,26.7,12:10,6.91,26.9,,J
7/31/2019,7,35.3,398,1,8,B8,10:42,6.92,25.4,11:17,8.25,26.7,8,,J,8,B8,11:40,7.91,26.7,12:11,6.93,26.9,,J
7/31/2019,7,35.3,398,1,9,C6,10:43,6.92,25.4,11:19,8.16,26.6,9,,J,9,C6,11:41,7.73,26.7,12:13,6.73,26.9,,J
7/31/2019,7,35.3,398,1,10,C7,10:44,6.92,25.3,11:21,7,26.6,10,Kontrolle ,J,10,C7,11:44,6.99,26.7,12:15,6.79,26.9,Kontrolle,J
7/31/2019,7,35.3,398,2,1,A2,12:43,6.94,26,13:13,7.84,27,11,,J,1,A2,13:39,8.39,26.6,14:09,7.33,26.9,,J
7/31/2019,7,35.3,398,2,2,A4 ,12:45,6.94,26.1,13:17,7.85,26.9,12,,J,2,A4 ,13:40,8.4,26.5,14:12,7.37,27.1,,J
7/31/2019,7,35.3,398,2,3,A6,12:46,6.96,26,13:18,7.82,27.1,13,,J,3,A6,13:42,8.24,26.8,14:13,7.36,27.1,,J
7/31/2019,7,35.3,398,2,4,A8,12:47,6.96,25.9,13:19,7.67,27.1,14,,J,4,A8,13:43,7.98,26.6,14:14,7.3,27,,J
7/31/2019,7,35.3,398,2,5,B2,12:49,6.96,25.9,13:21,7.95,27,15,,J,5,B2,13:45,8.13,26.7,14:15,7.28,26.9,,J
7/31/2019,7,35.3,398,2,6,B4,12:50,6.94,25.8,13:24,7.69,27.1,16,,J,6,B4,13:48,7.67,26.7,14:16,7.05,26.9,,J
7/31/2019,7,35.3,398,2,7,B6,12:52,6.94,25.8,13:26,7.79,27.2,17,,J,7,B6,13:50,7.88,26.8,14:18,7,26.9,,J
7/31/2019,7,35.3,398,2,8,B8,12:53,6.94,25.7,13:28,8.12,27.1,18,,J,8,B8,13:51,7.87,26.8,14:20,6.96,26.9,,J
7/31/2019,7,35.3,398,2,9,C6,12:54,6.94,25.6,13:30,8.18,26.9,19,,J,9,C6,13:52,7.79,26.7,14:21,6.93,26.9,,J
7/31/2019,7,35.3,398,2,10,C7,12:55,6.94,25.5,13:31,6.99,28.6,20,Kontrolle ,J,10,C7,13:53,6.97,26.8,14:22,6.9,26.9,Kontrolle ,J
7/31/2019,7,35.3,398,3,1,A2,14:48,6.92,26.2,15:18,7.95,24.1,21,,J,1,A2,15:42,8.41,27,16:12,7.26,27,,J
7/31/2019,7,35.3,398,3,2,A4 ,14:50,6.91,26.3,15:21,8,26.9,22,,J,2,A4 ,15:43,8.18,27.1,16:16,7.2,27.3,,J
7/31/2019,7,35.3,398,3,3,A6,14:52,6.96,26.3,15:22,7.91,27,23,,J,3,A6,15:44,8.06,27.2,16:17,7.11,27.3,,J
7/31/2019,7,35.3,398,3,4,A8,14:54,6.97,26.2,15:23,7.72,27.1,24,,J,4,A8,15:46,7.68,27.1,16:18,7.03,27.3,,J
7/31/2019,7,35.3,398,3,5,B2,14:55,6.96,26.1,15:25,7.56,26.9,25,,J,5,B2,15:47,7.64,26.9,16:19,7.02,27.1,,J
7/31/2019,7,35.3,398,3,6,B4,14:56,6.95,26,15:26,7.56,26.9,26,,J,6,B4,15:49,7.38,27,16:20,6.61,27.1,,J
7/31/2019,7,35.3,398,3,7,B6,14:58,6.95,26,15:28,7.97,26.1,27,,J,7,B6,15:51,7.51,27,16:23,6.59,27.1,,J
7/31/2019,7,35.3,398,3,8,B8,15:00,6.95,25.9,15:29,7.88,26.7,28,,J,8,B8,15:52,7.54,27,16:24,6.69,27.1,,J
7/31/2019,7,35.3,398,3,9,C6,15:01,6.98,25.8,15:30,7.98,26.3,29,,J,9,C6,15:53,7.6,26.7,16:25,6.71,27,,J
7/31/2019,7,35.3,398,3,10,C7,15:02,6.94,25.7,15:32,6.97,26.7,30,Kontrolle ,J,10,C7,15:56,6.94,26.6,16:26,6.85,26.9,Kontrolle ,J
8/1/2019,8,35.4,402,1,1,A2,9:30,6.86,25.5,10:00,7.5,26.4,1,,J,1,A2,10:23,7.95,26.7,10:53,7.18,26.9,,J
8/1/2019,8,35.4,402,1,2,A4 ,9:31,6.87,25.5,10:03,7.6,26.6,2,,J,2,A4 ,10:24,7.91,26.7,10:56,7.17,27.1,,J
8/1/2019,8,35.4,402,1,3,A6,9:33,6.88,25.4,10:04,7.75,26.7,3,,J,3,A6,10:26,8.08,26.9,10:57,7.16,27,,J
8/1/2019,8,35.4,402,1,4,A8,9:34,6.88,25.4,10:06,7.79,26.6,4,,J,4,A8,10:27,8.04,26.8,10:58,7.13,26.9,,J
8/1/2019,8,35.4,402,1,5,B2,9:35,6.86,25.4,10:07,8.04,26.4,5,,J,5,B2,10:30,8.51,26.6,10:59,7.32,26.8,,J
8/1/2019,8,35.4,402,1,6,B4,9:37,6.87,25.3,10:08,8,26.5,6,,J,6,B4,10:32,7.88,26.6,11:01,7.26,26.9,,J
8/1/2019,8,35.4,402,1,7,B6,9:38,6.86,25.4,10:09,7.74,26.6,7,,J,7,B6,10:35,7.23,27.3,11:02,6.64,26.9,,J
8/1/2019,8,35.4,402,1,8,B8,9:39,6.85,25.3,10:11,7.7,26.5,8,,J,8,B8,10:36,7.3,26.9,11:06,6.6,26.9,,J
8/1/2019,8,35.4,402,1,9,C6,9:41,6.85,25.3,10:12,7.56,26.9,9,,J,9,C6,10:39,6.96,27,11:07,6.44,27,,J
8/1/2019,8,35.4,402,1,10,C7,9:41,6.85,25.2,10:14,6.9,26.8,10,Kontrolle ,J,10,C7,10:41,6.81,26.8,11:09,6.67,27.1,Kontrolle ,J
8/1/2019,8,35.4,402,2,1,A2,11:34,7.01,25.8,12:03,7.6,26.8,11,,J,1,A2,12:28,8.3,26.9,12:58,7.65,27.1,,J
8/1/2019,8,35.4,402,2,2,A4 ,11:36,7.01,25.9,12:06,7.73,26.9,12,,J,2,A4 ,12:29,8.22,26.9,13:02,7.53,27.3,,J
8/1/2019,8,35.4,402,2,3,A6,11:37,7.02,25.9,12:08,7.84,26.9,13,,J,3,A6,12:30,8.11,26.9,13:03,7.31,27.3,,J
8/1/2019,8,35.4,402,2,4,A8,11:39,7.03,25.8,12:09,7.96,26.7,14,,J,4,A8,12:31,8.19,26.9,13:05,7.26,27.2,,J
8/1/2019,8,35.4,402,2,5,B2,11:40,7.03,25.8,12:11,8.32,27.1,15,,J,5,B2,12:34,8.67,27,13:06,7.44,27.2,,J
8/1/2019,8,35.4,402,2,6,B4,11:41,7.03,25.7,12:14,8.07,27.2,16,,J,6,B4,12:37,8.07,27,13:07,7.06,27.2,,J
8/1/2019,8,35.4,402,2,7,B6,11:43,7.05,25.6,12:16,7.94,27.3,17,,J,7,B6,12:39,7.78,27,13:10,6.92,27.3,,J
8/1/2019,8,35.4,402,2,8,B8,11:44,7,25.6,12:17,7.87,27.3,18,,J,8,B8,12:41,7.48,27.1,13:11,6.77,27.2,,J
8/1/2019,8,35.4,402,2,9,C6,11:45,7.02,25.5,12:18,7.96,27,19,,J,9,C6,12:42,7.47,26.9,13:12,6.72,27,,J
8/1/2019,8,35.4,402,2,10,C7,11:46,7.02,25.4,12:19,7.08,27.4,20,Kontrolle ,J,10,C7,12:44,7.01,26.9,13:14,6.91,27,Kontrolle ,J
8/1/2019,8,35.4,402,3,1,A2,13:40,6.95,26.1,14:10,7.8,26.7,21,,J,1,A2,14:35,8.25,26.8,15:05,7.42,27,,J
8/1/2019,8,35.4,402,3,2,A4 ,13:41,6.99,26.1,14:14,7.82,26.6,22,,J,2,A4 ,14:36,8.09,26.9,15:09,7.23,27.1,,J
8/1/2019,8,35.4,402,3,3,A6,13:42,7,26.1,14:15,7.83,26.7,23,,J,3,A6,14:38,7.93,26.8,15:11,7.12,27.1,,J
8/1/2019,8,35.4,402,3,4,A8,13:44,7.02,26.1,14:16,7.92,26.5,24,,J,4,A8,14:39,7.85,26.7,15:12,7.08,27.1,,J
8/1/2019,8,35.4,402,3,5,B2,13:45,7.03,26,14:17,8.18,26.7,25,,J,5,B2,14:41,8.2,26.7,15:13,7.15,26.9,,J
8/1/2019,8,35.4,402,3,6,B4,13:47,7.02,26,14:19,8.17,26.7,26,,J,6,B4,14:42,8,26.7,15:14,6.92,26.9,,J
8/1/2019,8,35.4,402,3,7,B6,13:48,7.03,25.9,14:20,7.95,26.9,27,,J,7,B6,14:43,7.76,26.8,15:17,6.77,26.9,,J
8/1/2019,8,35.4,402,3,8,B8,13:49,7.03,25.9,14:23,7.83,26.9,28,,J,8,B8,14:45,7.53,26.9,15:19,6.72,27,,J
8/1/2019,8,35.4,402,3,9,C6,13:50,7.03,25.8,14:24,8.36,26.6,29,,J,9,C6,14:46,7.44,26.9,15:20,6.69,27.1,,J
8/1/2019,8,35.4,402,3,10,C7,13:51,7.02,25.7,14:27,7.07,25.7,30,Kontrolle ,J,10,C7,14:49,7.03,26.9,15:21,6.8,27.1,Kontrolle ,J
8/2/2019,9,35.5,402-404,1,1,A2,9:47,6.89,25.5,10:17,8.3,25.1,1,O2- Sonde -> Kalibrierung war nicht ganz okay,J,1,A2,10:41,8.37,27.2,11:11,7.38,26.9,O2- Sonde -> Kalibrierung war nicht ganz okay,J
8/2/2019,9,35.5,402-404,1,2,A4 ,9:48,6.9,25.6,10:21,8.09,26.4,2,,J,2,A4 ,10:42,8.3,27.3,11:14,7.35,27.1,,J
8/2/2019,9,35.5,402-404,1,3,A6,9:49,6.92,25.6,10:22,8.05,27.1,3,,J,3,A6,10:45,8.02,27.8,11:16,7.1,27.2,,J
8/2/2019,9,35.5,402-404,1,4,A8,9:50,6.92,25.5,10:23,7.8,27.3,4,,J,4,A8,10:47,7.79,27.4,11:18,7.05,27.3,,J
8/2/2019,9,35.5,402-404,1,5,B2,9:51,6.89,25.4,10:26,7.8,26.8,5,,J,5,B2,10:48,7.78,27,11:19,7.09,27.1,,J
8/2/2019,9,35.5,402-404,1,6,B4,9:53,6.89,25.4,10:27,7.68,26.8,6,,J,6,B4,10:50,7.49,27,11:20,6.93,27.1,,J
8/2/2019,9,35.5,402-404,1,7,B6,9:54,6.88,25.4,10:29,7.77,26.6,7,,J,7,B6,10:51,7.4,27,11:22,6.7,27.2,,J
8/2/2019,9,35.5,402-404,1,8,B8,9:55,6.88,25.2,10:30,7.71,27.2,8,,J,8,B8,10:52,7.37,27,11:24,6.62,27.2,,J
8/2/2019,9,35.5,402-404,1,9,C6,9:56,6.87,25.2,10:32,7.7,25.5,9,,J,9,C6,10:53,7.38,27,11:26,6.61,27.2,,J
8/2/2019,9,35.5,402-404,1,10,C7,9:57,6.88,25.2,10:33,6.9,26.9,10,Kontrolle ,J,10,C7,10:56,6.91,27.1,11:27,6.73,27.3,Kontrolle ,J
8/2/2019,9,35.5,402-404,2,1,A2,11:57,7,25.8,12:27,7.99,27,11,O2- Sonde -> Kalibrierung war nicht ganz okay,J,1,A2,12:53,8.59,27.1,13:23,7.52,27.2,O2- Sonde -> Kalibrierung war nicht ganz okay,J
8/2/2019,9,35.5,402-404,2,2,A4 ,11:58,7.01,25.8,12:32,8.11,27.1,12,,J,2,A4 ,12:57,8.58,27.2,13:26,7.5,27.3,,J
8/2/2019,9,35.5,402-404,2,3,A6,11:59,7.03,25.8,12:35,8.18,27.3,13,,J,3,A6,12:58,8.41,27.4,13:28,7.47,27.4,,J
8/2/2019,9,35.5,402-404,2,4,A8,12:00,7.03,25.8,12:36,7.96,27.4,14,,J,4,A8,13:03,7.56,27.8,13:29,7.37,27.2,,J
8/2/2019,9,35.5,402-404,2,5,B2,12:01,7.02,25.8,12:38,8.1,27.2,15,,J,5,B2,13:05,8,27.6,13:30,7.43,27.3,,J
8/2/2019,9,35.5,402-404,2,6,B4,12:04,7.02,25.7,12:40,8.04,27.2,16,,J,6,B4,13:07,7.62,27.7,13:32,7.23,27.3,,J
8/2/2019,9,35.5,402-404,2,7,B6,12:05,7,25.7,12:41,8,27.2,17,,J,7,B6,13:08,7.66,27.6,13:34,7.15,27.4,,J
8/2/2019,9,35.5,402-404,2,8,B8,12:05,6.98,25.7,12:42,8.02,27.1,18,,N,8,B8,13:09,7.67,27.4,13:35,6.86,27.2,,N
8/2/2019,9,35.5,402-404,2,9,C6,12:06,6.98,25.7,12:43,8.08,27.1,19,,J,9,C6,13:11,7.66,27.2,13:39,6.85,27.3,,J
8/2/2019,9,35.5,402-404,2,10,C7,12:06,7,25.6,12:45,7.04,27,20,Kontrolle,J,10,C7,13:13,6.99,27.3,13:41,6.85,27.3,Kontrolle ,J
8/2/2019,9,35.5,402-404,3,1,A2,14:47,7.04,26,15:17,7.8,26.9,21,O2- Sonde -> Kalibrierung war nicht ganz okay,J,1,A2,15:39,8.16,26.7,16:09,7.12,27.1,O2- Sonde -> Kalibrierung war nicht ganz okay,J
8/2/2019,9,35.5,402-404,3,2,A4 ,14:49,7.03,26,15:21,8,27.1,22,,J,2,A4 ,15:40,8.2,26.9,16:12,7.28,27.2,,J
8/2/2019,9,35.5,402-404,3,3,A6,14:50,7.02,26,15:23,8.14,26.9,23,,J,3,A6,15:41,8.22,27,16:14,7.2,27.3,,J
8/2/2019,9,35.5,402-404,3,4,A8,14:51,7.04,25.9,15:24,7.96,26.8,24,,J,4,A8,15:43,7.94,27,16:15,7.16,27.2,,J
8/2/2019,9,35.5,402-404,3,5,B2,14:52,7.03,25.9,15:26,7.85,27,25,,J,5,B2,15:44,7.86,27.1,16:17,7.1,27.3,,J
8/2/2019,9,35.5,402-404,3,6,B4,14:53,7.01,25.9,15:27,7.83,27.1,26,,J,6,B4,15:45,7.71,27.2,16:19,6.86,27.3,,J
8/2/2019,9,35.5,402-404,3,7,B6,14:55,7.02,25.8,15:28,7.88,27.1,27,,J,7,B6,15:47,7.76,27.2,16:21,6.77,27.4,,J
8/2/2019,9,35.5,402-404,3,8,B8,14:56,7.02,25.7,15:29,7.84,27.2,28,,J,8,B8,15:49,7.6,27.2,16:23,6.73,27.4,,J
8/2/2019,9,35.5,402-404,3,9,C6,14:57,7.03,25.7,15:30,7.85,26.9,29,,J,9,C6,15:50,7.59,26.9,16:24,6.78,27.1,,J
8/2/2019,9,35.5,402-404,3,10,C7,14:57,7.03,25.6,15:31,7.1,27,30,Kontrolle ,J,10,C7,15:54,7.04,26.8,16:25,6.85,27.1,Kontrolle ,J
8/3/2019,10,35.6,402-404,1,1,A2,10:06,7.02,25.3,10:36,7.43,26.9,1,O2- Sonde -> Kalibrierung fehl geschlagen ,J,1,A2,11:00,7.63,26.9,11:30,7.07,27.2,O2- Sonde -> Kalibrierung fehl geschlagen ,J
8/3/2019,10,35.6,402-404,1,2,A4 ,10:07,7,25.4,10:40,7.43,27.1,2,,J,2,A4 ,11:01,7.58,27.1,11:32,7.11,27.2,,J
8/3/2019,10,35.6,402-404,1,3,A6,10:08,7.01,25.4,10:41,7.46,27.2,3,,J,3,A6,11:03,7.51,27.3,11:34,7.04,27.4,,J
8/3/2019,10,35.6,402-404,1,4,A8,10:08,7.01,25.3,10:42,7.3,27.3,4,,J,4,A8,11:06,7.22,27.3,11:35,7,27.3,,J
8/3/2019,10,35.6,402-404,1,5,B2,10:09,6.99,25.4,10:44,7.17,26.8,5,,J,5,B2,11:07,7.13,26.9,11:36,6.96,27.2,,J
8/3/2019,10,35.6,402-404,1,6,B4,10:10,6.99,25.4,10:45,7.19,26.9,6,,J,6,B4,11:09,7.13,27,11:37,6.96,27.2,,J
8/3/2019,10,35.6,402-404,1,7,B6,10:11,6.98,25.4,10:47,7.17,26.8,7,,N,7,B6,11:10,7.12,26.9,11:39,6.93,27.2,,J
8/3/2019,10,35.6,402-404,1,8,B8,10:12,6.97,25.3,10:48,7.2,27,8,,J,8,B8,11:11,7.07,26.9,11:40,6.9,27.2,,J
8/3/2019,10,35.6,402-404,1,9,C6,10:12,6.97,25.3,10:49,7.17,27.1,9,,J,9,C6,11:13,7.03,27.1,11:42,6.89,27,,J
8/3/2019,10,35.6,402-404,1,10,C7,10:13,6.97,25.2,10:51,7,27.2,10,Kontrolle ,J,10,C7,11:14,6.92,27.1,11:43,6.86,27,Kontrolle ,J
8/3/2019,10,35.6,402-404,2,1,A2,12:04,7.02,25.7,12:34,7.47,27.1,11,O2- Sonde -> Kalibrierung fehl geschlagen ,J,1,A2,12:53,7.68,26.9,13:03,7.06,27.1,O2- Sonde -> Kalibrierung fehl geschlagen ,J
8/3/2019,10,35.6,402-404,2,2,A4 ,12:05,7.06,25.8,12:37,7.5,27.2,12,,J,2,A4 ,12:56,7.6,26.9,13:25,7.09,27.1,,J
8/3/2019,10,35.6,402-404,2,3,A6,12:06,7.11,25.8,12:38,7.45,27.2,13,,J,3,A6,12:58,7.59,27,13:27,7.05,27.2,,J
8/3/2019,10,35.6,402-404,2,4,A8,12:07,7.11,25.8,12:39,7.33,27.2,14,,J,4,A8,13:00,7.02,27,13:30,6.98,27.1,,J
8/3/2019,10,35.6,402-404,2,5,B2,12:08,7.1,25.8,12:41,7.25,27,15,,J,5,B2,13:01,7.06,26.8,13:31,7.01,27.1,,J
8/3/2019,10,35.6,402-404,2,6,B4,12:09,7.09,25.7,12:42,7.31,27,16,,J,6,B4,13:02,7.19,27,13:32,6.92,27.1,,J
8/3/2019,10,35.6,402-404,2,7,B6,12:10,7.09,25.7,12:43,7.23,27,17,,J,7,B6,13:04,7.13,26.9,13:34,6.92,27.1,,J
8/3/2019,10,35.6,402-404,2,8,B8,12:11,7.08,25.7,12:45,7.18,27,18,,J,8,B8,13:05,7.08,26.9,13:35,6.91,27.2,,J
8/3/2019,10,35.6,402-404,2,9,C6,12:11,7.07,25.6,12:46,7.16,26.9,19,,J,9,C6,13:06,7.01,26.8,13:37,6.92,26.9,,J
8/3/2019,10,35.6,402-404,2,10,C7,12:12,7.07,25.6,12:47,7.06,27,20,Kontrolle ,J,10,C7,13:07,7,26.6,13:38,6.92,27,Kontrolle ,J
8/3/2019,10,35.6,402-404,3,1,A2,14:07,7.09,25.9,14:37,7.51,27.1,21,O2- Sonde -> Kalibrierung fehl geschlagen ,J,1,A2,15:01,7.73,27.2,15:31,7.33,27.2,O2- Sonde -> Kalibrierung fehl geschlagen ,J
8/3/2019,10,35.6,402-404,3,2,A4 ,14:08,7.08,26,14:40,7.63,27.4,22,,J,2,A4 ,15:02,7.77,27.3,15:34,7.28,27.3,,J
8/3/2019,10,35.6,402-404,3,3,A6,14:09,7.07,26,14:41,7.75,27.4,23,,J,3,A6,15:03,7.79,27.3,15:36,7.21,27.3,,J
8/3/2019,10,35.6,402-404,3,4,A8,14:10,7.09,25.7,14:43,7.52,27.4,24,,J,4,A8,15:06,7.4,27.3,15:37,7.14,27.2,,J
8/3/2019,10,35.6,402-404,3,5,B2,14:11,7.1,25.8,14:45,7.35,27,25,,J,5,B2,15:08,7.3,27.1,15:38,7.11,27.2,,J
8/3/2019,10,35.6,402-404,3,6,B4,14:11,7.09,25.8,14:47,7.35,27.1,26,,J,6,B4,15:09,7.26,27.1,15:40,7.11,27.2,,J
8/3/2019,10,35.6,402-404,3,7,B6,14:12,7.09,25.8,14:48,7.4,27.1,27,,J,7,B6,15:10,7.26,27.2,15:41,7.04,27.3,,J
8/3/2019,10,35.6,402-404,3,8,B8,14:13,7.09,25.8,14:51,7.44,27.1,28,,J,8,B8,15:12,7.28,27.2,15:43,7,27.4,,J
8/3/2019,10,35.6,402-404,3,9,C6,14:14,7.1,25.7,14:52,7.38,27,29,,J,9,C6,15:13,7.26,27,15:44,7.02,27.2,,J
8/3/2019,10,35.6,402-404,3,10,C7,14:14,7.09,25.6,14:54,7.19,27,30,Kontrolle ,J,10,C7,15:14,7.09,26.9,15:45,7.01,27.1,Kontrolle ,J
8/5/2019,11,35.5,402,1,1,A2,9:40,7,25.3,10:10,7.25,26.6,1,,J,1,A2,10:31,7.4,26.9,11:01,6.97,26.9,,J
8/5/2019,11,35.5,402,1,2,A4 ,9:41,7.01,25.3,10:13,7.45,26.3,2,,J,2,A4 ,10:34,7.8,26.3,11:04,7.22,27.1,,J
8/5/2019,11,35.5,402,1,3,A6,9:42,7.01,25.3,10:15,7.39,26.4,3,Pda Alk -> umgekippt ,J,3,A6,10:36,7.33,26.5,11:06,6.92,27.2,,J
8/5/2019,11,35.5,402,1,4,A8,9:43,7.02,25.3,10:16,7.22,26.4,4,Schleim,J,4,A8,10:37,7.16,26.7,11:09,6.88,27.1,Schleim,J
8/5/2019,11,35.5,402,1,5,B2,9:44,7.01,25.3,10:18,7.17,26.4,5,Schleim,J,5,B2,10:39,7.08,26.7,11:10,6.92,26.8,Schleim,J
8/5/2019,11,35.5,402,1,6,B4,9:45,6.98,25.3,10:19,7.15,26.4,6,Schleim,J,6,B4,10:40,7.08,26.5,11:11,6.89,26.9,Schleim,J
8/5/2019,11,35.5,402,1,7,B6,9:46,6.99,25.3,10:20,7.19,26.5,7,,J,7,B6,10:42,7.07,26.5,11:12,6.85,26.9,,J
8/5/2019,11,35.5,402,1,8,B8,9:47,6.98,25.3,10:21,7.19,26.5,8,,J,8,B8,10:43,7.06,26.5,11:14,6.83,26.9,,J
8/5/2019,11,35.5,402,1,9,C6,9:47,6.97,25.2,10:23,7.16,26.7,9,,J,9,C6,10:45,6.97,26.6,11:15,6.76,27.2,,J
8/5/2019,11,35.5,402,1,10,C7,9:48,6.97,25.2,10:24,7.02,26.8,10,Kontrolle ,J,10,C7,10:46,6.93,26.9,11:16,6.86,27.2,Kontrolle ,J
8/5/2019,11,35.5,402,2,1,A2,11:41,7.02,25.7,12:11,7.21,27,11,,J,1,A2,12:30,7.15,26.9,13:00,6.97,27.1,,J
8/5/2019,11,35.5,402,2,2,A4 ,11:42,7.08,25.8,12:13,7.56,27.1,12,,J,2,A4 ,12:32,7.39,27,13:03,7.17,27.3,,J
8/5/2019,11,35.5,402,2,3,A6,11:43,7.11,25.7,12:15,7.53,27.1,13,,J,3,A6,12:33,7.27,26.9,13:05,6.97,27.4,,J
8/5/2019,11,35.5,402,2,4,A8,11:44,7.11,25.7,12:16,7.38,26.9,14,,J,4,A8,12:34,7.17,26.9,13:07,6.95,27.3,,J
8/5/2019,11,35.5,402,2,5,B2,11:45,7.1,25.6,12:18,7.26,27,15,,J,5,B2,12:35,7.15,26.8,13:09,6.97,27.1,,J
8/5/2019,11,35.5,402,2,6,B4,11:45,7.1,25.6,12:19,7.27,27.1,16,,J,6,B4,12:37,7.19,26.9,13:10,6.75,27.1,,J
8/5/2019,11,35.5,402,2,7,B6,11:46,7.1,25.6,12:20,7.24,27.1,17,,J,7,B6,12:38,7.09,26.9,13:11,6.92,27.1,,J
8/5/2019,11,35.5,402,2,8,B8,11:47,7.08,25.6,12:21,7.23,27.1,18,,J,8,B8,12:39,7.05,26.9,13:13,6.91,27.2,,J
8/5/2019,11,35.5,402,2,9,C6,11:48,7.07,25.6,12:22,7.21,26.9,19,,J,9,C6,12:41,7.01,26.8,13:14,6.85,27.1,,J
8/5/2019,11,35.5,402,2,10,C7,11:49,7.08,25.5,12:23,7.12,27.1,20,Kontrolle ,J,10,C7,12:42,6.96,26.8,13:16,6.9,27.1,Kontrolle,J
8/5/2019,11,35.5,402,3,1,A2,13:37,7.01,26,14:07,7.44,27.3,21,,J,1,A2,14:29,7.41,26.9,14:59,7.16,27.1,,J
8/5/2019,11,35.5,402,3,2,A4 ,13:38,7.07,26.1,14:11,7.77,27.4,22,,J,2,A4 ,14:30,7.68,27,15:02,7.22,27.2,,J
8/5/2019,11,35.5,402,3,3,A6,13:39,7.09,26.1,14:13,7.56,27.5,23,,J,3,A6,14:32,7.46,27,15:03,7.14,27.2,,J
8/5/2019,11,35.5,402,3,4,A8,13:40,7.1,26.1,14:15,7.36,27.4,24,,J,4,A8,14:33,7.26,27,15:04,7.03,27.1,,J
8/5/2019,11,35.5,402,3,5,B2,13:40,7.1,26,14:16,7.86,27.2,25,,J,5,B2,14:35,7.2,26.8,15:06,6.99,27,,J
8/5/2019,11,35.5,402,3,6,B4,13:41,7.09,26,14:17,7.25,27.1,26,,J,6,B4,14:36,7.16,26.9,15:07,6.96,27,,J
8/5/2019,11,35.5,402,3,7,B6,13:42,7.09,26,14:19,7.26,27.2,27,,J,7,B6,14:38,7.13,26.9,15:08,6.94,27,,J
8/5/2019,11,35.5,402,3,8,B8,13:43,7.09,25.9,14:20,7.29,27.2,28,,J,8,B8,14:39,7.17,26.9,15:10,6.95,27,,J
8/5/2019,11,35.5,402,3,9,C6,13:44,7.08,25.9,14:21,7.17,27.5,29,,J,9,C6,14:40,7.11,26.9,15:11,6.9,27,,J
8/5/2019,11,35.5,402,3,10,C7,13:45,7.09,25.8,14:23,7.1,27.3,30,Kontrolle ,J,10,C7,14:41,7.04,26.9,15:12,6.92,27,Kontrolle ,J
8/6/2019,12,35.6,402,1,1,A2,9:57,7.06,25.3,10:29,7.19,26.6,1,,J,1,A2,10:46,7.4,26.6,11:16,6.83,26.7,,J
8/6/2019,12,35.6,402,1,2,A4 ,9:58,6.95,25.4,10:31,7.41,26.8,2,,J,2,A4 ,10:47,7.41,26.8,11:18,6.91,27.1,,J
8/6/2019,12,35.6,402,1,3,A6,9:59,7,25.4,10:32,7.43,27,3,,J,3,A6,10:48,7.48,26.9,11:19,6.99,27.1,,J
8/6/2019,12,35.6,402,1,4,A8,9:59,6.98,25.4,10:34,7.52,26.9,4,,J,4,A8,10:50,7.83,26.9,11:21,7.04,27,,J
8/6/2019,12,35.6,402,1,5,B2,10:00,6.95,25.3,10:35,7.59,26.6,5,,J,5,B2,10:52,7.53,26.6,11:22,7.1,26.8,,J
8/6/2019,12,35.6,402,1,6,B4,10:01,6.91,25.4,10:38,7.49,26.6,6,,J,6,B4,10:54,7.33,26.6,11:24,7.01,26.8,,J
8/6/2019,12,35.6,402,1,7,B6,10:02,6.93,25.3,10:39,7.27,26.6,7,,J,7,B6,10:55,7.07,26.6,11:25,6.92,26.9,,J
8/6/2019,12,35.6,402,1,8,B8,10:03,6.93,25.3,10:40,7.14,26.6,8,,J,8,B8,10:56,6.98,26.6,11:26,6.89,26.9,,J
8/6/2019,12,35.6,402,1,9,C6,10:03,6.93,25.3,10:41,7.1,26.7,9,,J,9,C6,10:57,7.04,26.7,11:27,6.84,26.9,,J
8/6/2019,12,35.6,402,1,10,C7,10:04,6.92,25.2,10:42,6.94,26.7,10,Kontrolle ,J,10,C7,10:58,6.93,26.7,11:28,6.82,26.9,Kontrolle ,J
8/6/2019,12,35.6,402,1,1,A2,11:53,7.12,25.7,12:23,7.66,27,11,,J,1,A2,12:44,7.8,26.9,13:14,7.02,27,,J
8/6/2019,12,35.6,402,1,2,A4 ,11:54,7.1,25.8,12:26,7.62,27.2,12,,J,2,A4 ,12:46,7.62,27.1,13:15,7.06,27.1,,J
8/6/2019,12,35.6,402,1,3,A6,11:55,7.14,25.7,12:27,7.74,27.3,13,,J,3,A6,12:47,7.65,27.3,13:17,7.09,27.2,,J
8/6/2019,12,35.6,402,1,4,A8,11:56,7.13,25.7,12:29,7.63,27.1,14,,J,4,A8,12:48,7.41,27.1,13:18,7.02,27.1,,J
8/6/2019,12,35.6,402,1,5,B2,11:56,7.05,25.6,12:30,7.63,26.9,15,,J,5,B2,12:49,7.42,26.9,13:20,6.93,26.9,,J
8/6/2019,12,35.6,402,1,6,B4,11:57,6.99,25.6,12:31,7.85,26.8,16,,J,6,B4,12:52,7.58,26.8,13:21,6.99,26.9,,J
8/6/2019,12,35.6,402,1,7,B6,11:58,7.02,25.6,12:33,7.47,26.9,17,,J,7,B6,12:53,7.23,26.9,13:22,6.89,26.9,,J
8/6/2019,12,35.6,402,1,8,B8,12:00,7.04,25.6,12:34,7.24,26.9,18,,J,8,B8,12:54,7.16,26.8,13:24,6.84,26.9,,J
8/6/2019,12,35.6,402,1,9,C6,12:01,7.05,25.5,12:35,7.27,27,19,,J,9,C6,12:55,7.12,27,13:25,6.86,27,,J
8/6/2019,12,35.6,402,1,10,C7,12:01,7.08,25.5,12:37,7.07,27.1,20,Kontrolle ,J,10,C7,12:56,7.02,27,13:27,6.9,27,Kontrolle ,J
8/6/2019,12,35.6,402,2,1,A2,13:53,7.06,25.9,14:23,7.6,27.1,21,,J,1,A2,14:43,7.76,26.8,15:13,7.2,27,,J
8/6/2019,12,35.6,402,2,2,A4 ,13:54,7.16,26.1,14:26,8.02,27.3,22,,J,2,A4 ,14:45,8.14,26.9,15:15,7.5,27.1,,J
8/6/2019,12,35.6,402,2,3,A6,13:55,7.17,25.9,14:28,8.07,27.3,23,,J,3,A6,14:46,8.04,26.9,15:17,7.43,27.1,,J
8/6/2019,12,35.6,402,2,4,A8,13:56,7.18,26,14:29,7.92,27.2,24,,J,4,A8,14:47,7.71,26.9,15:18,7.35,27,,J
8/6/2019,12,35.6,402,2,5,B2,13:57,7.15,25.9,14:30,7.86,27.1,25,,J,5,B2,14:48,7.51,26.8,15:19,7.32,27,,J
8/6/2019,12,35.6,402,2,6,B4,13:58,7.16,25.9,14:31,7.92,27.1,26,,J,6,B4,14:50,7.53,26.8,15:21,7.3,27,,J
8/6/2019,12,35.6,402,2,7,B6,13:59,7.13,25.9,14:32,7.52,27.2,27,,J,7,B6,14:51,7.31,26.9,15:22,7.22,27,,J
8/6/2019,12,35.6,402,2,8,B8,14:00,7.15,25.9,14:34,7.43,27.1,28,,J,8,B8,14:52,7.23,26.9,15:23,7.1,27.1,,J
8/6/2019,12,35.6,402,2,9,C6,14:01,7.14,25.9,14:35,7.47,27,29,,J,9,C6,14:54,7.21,26.8,15:24,7.06,26.9,,J
8/6/2019,12,35.6,402,2,10,C7,14:01,7.16,25.8,14:37,7.23,27,30,Kontrolle ,J,10,C7,14:55,7.15,26.8,15:25,7.06,26.8,Kontrolle ,J
8/7/2019,13,35.6,402,1,1,A2,9:48,7.02,25.3,10:18,7.81,26.6,1,,J,1,A2,10:38,8.36,26.8,11:08,7.47,27,,J
8/7/2019,13,35.6,402,1,2,A4 ,9:49,7.01,25.3,10:20,7.91,27.2,2,,J,2,A4 ,10:39,8.34,27.2,11:10,7.46,27.1,,J
8/7/2019,13,35.6,402,1,3,A6,9:50,7,25.3,10:21,8.17,27.2,3,,J,3,A6,10:41,8.2,27.3,11:11,7.44,27.2,,J
8/7/2019,13,35.6,402,1,4,A8,9:54,7.01,25.2,10:24,8.01,26.9,4,,J,4,A8,10:43,7.84,27.2,11:12,7.23,27.1,,J
8/7/2019,13,35.6,402,1,5,B2,9:56,6.99,25.3,10:25,7.94,26.8,5,,J,5,B2,10:44,7.92,26.8,11:13,7.25,26.9,,J
8/7/2019,13,35.6,402,1,6,B4,9:58,6.98,25.3,10:26,7.66,26.8,6,,J,6,B4,10:46,7.44,26.9,11:15,7.05,26.9,,J
8/7/2019,13,35.6,402,1,7,B6,9:59,6.97,25.3,10:28,7.55,26.8,7,,J,7,B6,10:47,7.36,26.9,11:16,6.87,26.9,,J
8/7/2019,13,35.6,402,1,8,B8,10:01,6.95,25.2,10:30,7.7,26.7,8,,J,8,B8,10:48,7.44,26.9,11:18,6.81,26.9,,J
8/7/2019,13,35.6,402,1,9,C6,10:02,6.96,25.2,10:31,7.63,27,9,,J,9,C6,10:49,7.42,26.7,11:19,6.75,26.8,,J
8/7/2019,13,35.6,402,1,10,C7,10:02,6.96,25.01,10:32,7.07,26.9,10,Kontrolle ,J,10,C7,10:50,6.99,26.8,11:20,6.85,26.8,Kontrolle ,J
8/7/2019,13,35.6,402,2,1,A2,11:42,7.1,25.6,12:12,8.07,27,11,,J,1,A2,12:30,8.44,26.9,13:00,7.47,27.1,,J
8/7/2019,13,35.6,402,2,2,A4 ,11:43,7.15,25.7,12:15,8.24,27.2,12,,J,2,A4 ,12:31,8.49,27.1,13:03,7.54,27.2,,J
8/7/2019,13,35.6,402,2,3,A6,11:47,7.19,25.7,12:16,8.3,27.2,13,,J,3,A6,12:32,8.45,27.1,13:04,7.48,27.2,,J
8/7/2019,13,35.6,402,2,4,A8,11:47,7.19,25.7,12:17,8.14,27,14,,J,4,A8,12:33,8.14,27.1,13:05,7.33,27.1,,J
8/7/2019,13,35.6,402,2,5,B2,11:49,7.2,25.6,12:19,8.09,27,15,,J,5,B2,12:34,8.04,27,13:06,7.3,27.1,,J
8/7/2019,13,35.6,402,2,6,B4,11:51,7.15,25.6,12:20,7.94,27,16,,J,6,B4,12:35,7.55,27,13:07,6.97,27.2,,J
8/7/2019,13,35.6,402,2,7,B6,11:52,7.19,25.5,12:21,7.88,27,17,,J,7,B6,12:36,7.66,27.1,13:08,6.89,27.2,,J
8/7/2019,13,35.6,402,2,8,B8,11:53,7.16,25.6,12:22,7.42,27,18,,J,8,B8,12:37,7.68,27.1,13:09,6.83,27.2,,J
8/7/2019,13,35.6,402,2,9,C6,11:54,7.18,25.5,12:23,7.9,27.1,19,,J,9,C6,12:38,7.63,27,13:10,6.78,27.1,,J
8/7/2019,13,35.6,402,2,10,C7,11:55,7.18,25.4,12:24,7.23,27.1,20,Kontrolle ,J,10,C7,12:39,7.2,27.1,13:11,7.1,27.1,Kontrolle ,J
8/7/2019,13,35.6,402,3,1,A2,13:37,7.07,25.9,14:07,8.05,26.9,21,,J,1,A2,14:28,8.47,26.9,14:58,7.46,27.1,,J
8/7/2019,13,35.6,402,3,2,A4 ,13:38,7.18,26,14:10,8.33,27.1,22,,J,2,A4 ,14:29,8.43,27.1,15:01,7.4,27.3,,J
8/7/2019,13,35.6,402,3,3,A6,13:40,7.2,26,14:12,8.32,27.1,23,,J,3,A6,14:30,8.33,27.1,15:02,7.35,27.3,,J
8/7/2019,13,35.6,402,3,4,A8,13:43,7.22,26,14:13,8.09,27.1,24,,J,4,A8,14:32,8,27.1,15:03,7.26,27.3,,J
8/7/2019,13,35.6,402,3,5,B2,13:45,7.22,26,14:15,7.93,27.1,25,Amu_B4 weiﬂe Stelle,J,5,B2,14:32,7.81,27,15:04,7.15,27.1,Amu_B4 weiﬂe Stelle,J
8/7/2019,13,35.6,402,3,6,B4,13:47,7.22,26,14:16,7.89,27.1,26,,J,6,B4,14:34,7.61,27.1,15:05,6.78,27.1,,J
8/7/2019,13,35.6,402,3,7,B6,13:48,7.21,25.9,14:18,7.84,27.1,27,,J,7,B6,14:35,7.52,27.2,15:07,6.63,27.1,,J
8/7/2019,13,35.6,402,3,8,B8,13:49,7.18,25.8,14:19,7.79,27.2,28,,J,8,B8,14:35,7.43,27.2,15:09,6.67,27.2,,J
8/7/2019,13,35.6,402,3,9,C6,13:50,7.19,25.7,14:20,7.82,27,29,,J,9,C6,14:36,7.48,27.1,15:09,6.71,27.1,,J
8/7/2019,13,35.6,402,3,10,C7,13:51,7.18,25.6,14:21,7.26,27,30,Konrolle ,J,10,C7,14:38,7.18,27,15:10,7.08,27.1,Kontrolle ,J
8/8/2019,14,35.6,402,1,1,A2,9:34,7.01,25.1,10:04,8.1,26.4,1,,J,1,A2,10:28,8.81,26.2,10:58,7.3,26.8,,J
8/8/2019,14,35.6,402,1,2,A4 ,9:35,7,25.2,10:07,8.23,26.5,2,,J,2,A4 ,10:29,8.61,26.7,11:00,7.38,26.9,,J
8/8/2019,14,35.6,402,1,3,A6,9:36,7.01,25.3,10:09,8.5,26.6,3,,J,3,A6,10:30,8.62,26.9,11:01,7.25,27,,J
8/8/2019,14,35.6,402,1,4,A8,9:38,7.01,25.3,10:10,8.16,26.3,4,,J,4,A8,10:32,7.92,26.9,11:02,7.21,26.9,,J
8/8/2019,14,35.6,402,1,5,B2,9:39,7,25.2,10:12,7.75,26.4,5,,J,5,B2,10:33,7.65,26.6,11:03,7.14,26.8,,J
8/8/2019,14,35.6,402,1,6,B4,9:40,7,25.2,10:14,8.25,26.5,6,,J,6,B4,10:35,7.75,26.5,11:04,7.07,26.7,,J
8/8/2019,14,35.6,402,1,7,B6,9:42,7.01,25.2,10:16,7.9,26.5,7,,J,7,B6,10:36,7.6,26.5,11:05,6.94,27,,J
8/8/2019,14,35.6,402,1,8,B8,9:43,7,25.2,10:18,7.67,26.6,8,,J,8,B8,10:37,7.37,26.6,11:06,6.86,27,,J
8/8/2019,14,35.6,402,1,9,C6,9:44,6.99,25.1,10:20,7.58,26.9,9,,J,9,C6,10:38,7.32,26.8,11:07,6.88,27,,J
8/8/2019,14,35.6,402,1,10,C7,9:44,6.98,25.1,10:21,7.04,26.9,10,Kontrolle ,J,10,C7,10:39,7.05,26.8,11:08,6.91,27,Kontrolle ,J
8/8/2019,14,35.6,402,2,1,A2,11:34,7.11,25.6,12:04,8.09,26.7,11,,J,1,A2,12:25,8.59,26.8,12:56,7.26,26,,J
8/8/2019,14,35.6,402,2,2,A4 ,11:35,7.14,25.7,12:06,8.28,27,12,,J,2,A4 ,12:26,8.4,27.1,12:58,7.25,27.1,,J
8/8/2019,14,35.6,402,2,3,A6,11:37,7.15,25.7,12:07,8.35,27.1,13,,J,3,A6,12:27,8.43,27.1,12:59,7.29,27.2,,J
8/8/2019,14,35.6,402,2,4,A8,11:38,7.14,25.6,12:09,7.98,27,14,Amu_B4 weiﬂe Stelle,J,4,A8,12:29,8,27.2,13:00,7.3,27.1,Amu_B4 weiﬂe Stelle,J
8/8/2019,14,35.6,402,2,5,B2,11:39,7.13,25.6,12:11,7.72,26.9,15,,J,5,B2,12:30,7.73,27,13:01,7.23,27.1,,J
8/8/2019,14,35.6,402,2,6,B4,11:40,7.15,25.6,12:12,8.27,26.9,16,,J,6,B4,12:32,8.13,27,13:02,7.29,27,,J
8/8/2019,14,35.6,402,2,7,B6,11:42,7.13,25.6,12:15,7.9,27.1,17,,J,7,B6,12:34,7.79,27,13:03,7.19,27.1,,J
8/8/2019,14,35.6,402,2,8,B8,11:43,7.12,25.6,12:17,7.68,27.2,18,,J,8,B8,12:35,7.44,27.1,13:04,7.04,27.1,,J
8/8/2019,14,35.6,402,2,9,C6,11:44,7.12,25.5,12:18,7.62,27,19,,J,9,C6,12:36,7.39,27,13:05,7,27.1,,J
8/8/2019,14,35.6,402,2,10,C7,11:44,7.11,25.4,12:19,7.14,27.4,20,Kontrolle ,J,10,C7,12:37,7.1,27,13:06,7,27.1,Kontrolle ,J
8/8/2019,14,35.6,402,3,1,A2,13:32,7.07,25.9,14:02,7.93,27,21,,J,1,A2,14:30,8.94,26.8,15:00,7.46,26.9,,J
8/8/2019,14,35.6,402,3,2,A4 ,13:33,7.12,25.9,14:04,8.31,27,22,,J,2,A4 ,14:32,8.63,26.8,15:03,7.47,26.8,,J
8/8/2019,14,35.6,402,3,3,A6,13:34,7.19,26,14:06,8.49,27.1,23,,J,3,A6,14:34,8.86,26.9,15:04,7.44,26.7,,J
8/8/2019,14,35.6,402,3,4,A8,13:41,7.21,25.9,14:11,7.85,26.4,24,,J,4,A8,14:36,8.06,27,15:05,7.31,26.9,Koralle am Boden,J
8/8/2019,14,35.6,402,3,5,B2,13:42,7.18,25.7,14:13,7.41,26.8,25,,J,5,B2,14:38,7.74,27.1,15:06,7.22,27.1,,J
8/8/2019,14,35.6,402,3,6,B4,13:43,7.14,26.1,14:15,8.22,27.1,26,,J,6,B4,14:39,7.92,27.1,15:07,7.22,27.2,,J
8/8/2019,14,35.6,402,3,7,B6,13:45,7.15,25.8,14:18,8.11,27.3,27,,J,7,B6,14:41,7.62,27.2,15:08,7.15,27.3,,J
8/8/2019,14,35.6,402,3,8,B8,13:46,7.15,25.7,14:20,7.82,27.3,28,,J,8,B8,14:42,7.46,27.2,15:10,7.02,27.3,,J
8/8/2019,14,35.6,402,3,9,C6,13:47,7.15,25.6,14:21,7.75,27,29,,J,9,C6,14:43,7.42,26.8,15:11,7,26.9,,J
8/8/2019,14,35.6,402,3,10,C7,13:47,7.14,25.5,14:22,7.2,26.9,30,Kontrolle ,J,10,C7,14:45,7.15,26.8,15:12,7.05,26.8,Kontrolle ,J
8/9/2019,15,35.6,402,1,1,A2,9:37,6.9,25.2,10:07,7.13,26.5,1,,J,1,A2,10:25,7.44,26.3,10:55,6.74,26.8,,J
8/9/2019,15,35.6,402,1,2,A4 ,9:37,6.95,25.3,10:10,7.24,26.6,2,,J,2,A4 ,10:26,7.18,26.4,10:56,6.78,26.8,,J
8/9/2019,15,35.6,402,1,3,A6,9:38,6.95,25.3,10:11,7.28,26.7,3,,J,3,A6,10:27,7.2,26.5,10:58,6.72,26.9,,J
8/9/2019,15,35.6,402,1,4,A8,9:39,6.96,25.2,10:11,7.2,26.5,4,,J,4,A8,10:28,7.14,26.6,10:59,6.95,26.8,,J
8/9/2019,15,35.6,402,1,5,B2,9:40,6.96,25.2,10:13,7.07,26.5,5,,J,5,B2,10:29,7.03,26.4,11:00,6.86,26.9,,J
8/9/2019,15,35.6,402,1,6,B4,9:41,6.97,25.2,10:14,7.21,26.6,6,,J,6,B4,10:30,7.19,26.5,11:01,6.83,26.9,,J
8/9/2019,15,35.6,402,1,7,B6,9:41,6.96,25.2,10:16,7.18,26.6,7,,J,7,B6,10:31,7.11,26.5,11:02,6.81,27,,J
8/9/2019,15,35.6,402,1,8,B8,9:42,6.95,25.1,10:17,7.14,26.6,8,,J,8,B8,10:32,7.02,26.6,11:03,6.85,27.1,,J
8/9/2019,15,35.6,402,1,9,C6,9:43,6.94,25.1,10:18,7.13,26.9,9,,J,9,C6,10:32,6.98,26.7,11:04,6.84,26.9,,J
8/9/2019,15,35.6,402,1,10,C7,9:43,6.94,25.1,10:19,7.03,26.9,10,Kontrolle ,J,10,C7,10:33,6.92,26.7,11:05,6.83,26.9,Kontrolle ,J
8/9/2019,15,35.6,402,2,1,A2,11:33,6.91,25.5,12:03,7.47,26.8,11,,J,1,A2,12:20,7.76,26.3,12:50,6.96,26.9,,J
8/9/2019,15,35.6,402,2,2,A4 ,11:34,6.98,25.7,12:06,7.6,27,12,,J,2,A4 ,12:21,7.69,26.6,12:52,7.02,27,,J
8/9/2019,15,35.6,402,2,3,A6,11:35,7.01,25.7,12:08,7.69,27.1,13,,J,3,A6,12:22,7.56,26.8,12:53,6.99,27.1,,J
8/9/2019,15,35.6,402,2,4,A8,11:36,7.01,25.7,12:08,7.5,26.9,14,,J,4,A8,12:24,7.32,26.8,12:54,7.02,27,,J
8/9/2019,15,35.6,402,2,5,B2,11:37,7.02,25.6,12:09,7.39,27,15,,J,5,B2,12:25,7.17,26.9,12:55,7.05,27.2,,J
8/9/2019,15,35.6,402,2,6,B4,11:37,7.03,25.6,12:11,7.29,27.2,16,,J,6,B4,12:26,7.15,26.9,12:56,6.99,27.2,,J
8/9/2019,15,35.6,402,2,7,B6,11:38,7.02,25.6,12:12,7.31,27.2,17,,J,7,B6,12:27,7.17,26.9,12:57,6.95,27.2,,J
8/9/2019,15,35.6,402,2,8,B8,11:39,7.04,25.5,12:13,7.34,27.2,18,,J,8,B8,12:28,7.15,27,12:59,6.93,27.2,,J
8/9/2019,15,35.6,402,2,9,C6,11:40,7.01,25.5,12:14,7.3,26.7,19,,J,9,C6,12:29,7.18,26.5,13:00,6.97,26.9,,J
8/9/2019,15,35.6,402,2,10,C7,11:40,7.02,25.4,12:14,7.11,26.6,20,Kontrolle ,J,10,C7,12:30,7.01,26.6,13:01,6.92,26.9,Kontrolle ,J
8/9/2019,15,35.6,402,3,1,A2,13:34,6.95,25.7,14:05,7.44,26.9,21,,J,1,A2,14:22,7.68,26.8,14:52,6.9,27,,J
8/9/2019,15,35.6,402,3,2,A4 ,13:35,7.01,25.9,14:07,7.51,27,22,,J,2,A4 ,14:23,7.28,26.9,14:54,6.93,27.1,,J
8/9/2019,15,35.6,402,3,3,A6,13:36,7,25.9,14:08,7.42,27.1,23,,J,3,A6,14:24,7.26,26.9,14:55,6.92,27.1,,J
8/9/2019,15,35.6,402,3,4,A8,13:37,7.02,25.8,14:09,7.32,26.9,24,,J,4,A8,14:25,7.15,26.9,14:56,6.93,27,,J
8/9/2019,15,35.6,402,3,5,B2,13:38,6.99,25.8,14:10,7.11,27.1,25,,J,5,B2,14:26,7.06,26.9,14:57,6.93,27.1,,J
8/9/2019,15,35.6,402,3,6,B4,13:39,7,25.8,14:12,7.32,27.1,26,,J,6,B4,14:27,7.09,26.9,14:58,6.97,27.1,,J
8/9/2019,15,35.6,402,3,7,B6,13:40,7.01,25.8,14:13,7.25,27.1,27,,J,7,B6,14:28,7.12,27,14:59,9.95,27.2,,J
8/9/2019,15,35.6,402,3,8,B8,13:41,7,25.8,14:14,7.27,27,28,,J,8,B8,14:29,7.11,27,15:00,6.92,27.2,,J
8/9/2019,15,35.6,402,3,9,C6,13:42,7,25.7,14:15,7.21,27,29,,J,9,C6,14:30,7.05,26.8,15:02,6.87,27.1,,J
8/9/2019,15,35.6,402,3,10,C7,13:43,6.99,27.7,14:16,7.05,27,30,Kontrolle ,J,10,C7,14:30,6.98,26.8,15:03,6.88,27.1,Kontrolle ,J
8/10/2019,16,35.4,400,1,1,A2,9:51,7.01,25.4,10:21,7.2,26.2,1,,J,1,A2,10:39,7.34,26.2,11:09,7.02,26.6,,J
8/10/2019,16,35.4,400,1,2,A4 ,9:52,6.99,25.5,10:22,7.46,26.4,2,,J,2,A4 ,10:41,7.45,26.2,11:11,7.09,26.7,,J
8/10/2019,16,35.4,400,1,3,A6,9:53,7.01,25.5,10:24,7.37,26.4,3,,J,3,A6,10:42,7.24,26.2,11:12,6.88,26.8,,J
8/10/2019,16,35.4,400,1,4,A8,9:54,7.02,25.5,10:25,7.24,26.3,4,,J,4,A8,10:43,7.17,26.3,11:13,6.85,26.7,,J
8/10/2019,16,35.4,400,1,5,B2,9:55,7.01,25.4,10:26,7.2,26,5,,J,5,B2,10:43,7.1,26,11:14,6.9,26.6,,J
8/10/2019,16,35.4,400,1,6,B4,9:56,7,25.5,10:27,7.19,26,6,,J,6,B4,10:45,7.16,26,11:16,6.89,26.7,,J
8/10/2019,16,35.4,400,1,7,B6,9:57,7.01,25.4,10:28,7.15,26.1,7,,J,7,B6,10:45,7.09,26.1,11:17,6.86,26.7,,J
8/10/2019,16,35.4,400,1,8,B8,9:57,6.98,25.4,10:29,7.14,26.1,8,,J,8,B8,10:46,7,26.1,11:18,6.83,26.7,,J
8/10/2019,16,35.4,400,1,9,C6,9:58,6.99,25.3,10:30,7.11,26.8,9,,J,9,C6,10:47,6.98,26.6,11:19,6.8,27.1,,J
8/10/2019,16,35.4,400,1,10,C7,9:59,6.98,25.3,10:32,7.04,26.8,10,Kontrolle ,J,10,C7,10:48,6.9,26.7,11:20,6.83,27.1,Kontrolle ,J
8/10/2019,16,35.4,400,1,11,C9,9:59,6.97,25.3,10:33,7.08,26.8,11,Probe nachgeholt ,,11,C9,10:49,6.96,26.8,11:21,6.73,27.1,Probe nachgeholt ,
8/10/2019,16,35.4,400,2,1,A2,11:45,7.06,27.7,12:15,7.3,26.8,12,,,1,A2,12:32,7.44,26.8,13:02,7.04,27.1,,
8/10/2019,16,35.4,400,2,2,A4 ,11:46,7.1,25.8,12:17,7.73,27.1,13,,,2,A4 ,12:34,7.7,26.9,13:04,7.28,27.2,,
8/10/2019,16,35.4,400,2,3,A6,11:46,7.11,25.9,12:19,7.58,27.1,14,,,3,A6,12:36,7.42,26.9,13:06,7.26,27.2,,
8/10/2019,16,35.4,400,2,4,A8,11:47,7.13,25.8,12:20,7.37,27.1,15,,,4,A8,12:37,7.3,26.9,13:07,7.12,27.1,,
8/10/2019,16,35.4,400,2,5,B2,11:48,7.13,25.7,12:21,7.27,26.9,16,,,5,B2,12:38,7.18,26.8,13:08,7.07,27,,
8/10/2019,16,35.4,400,2,6,B4,11:49,7.13,25.7,12:22,7.29,26.9,17,,,6,B4,12:40,7.26,26.8,13:08,7.09,26.9,,
8/10/2019,16,35.4,400,2,7,B6,11:49,7.11,25.7,12:23,7.33,27,18,,,7,B6,12:41,7.17,26.9,13:09,7.04,27,,
8/10/2019,16,35.4,400,2,8,B8,11:50,7.03,25.6,12:24,7.28,27,19,,,8,B8,12:42,7.11,26.9,13:10,7,27.1,,
8/10/2019,16,35.4,400,2,9,C6,11:51,7.08,25.6,12:25,7.24,27.1,20,,,9,C6,12:43,7.09,26.9,13:11,6.94,26.9,,
8/10/2019,16,35.4,400,2,10,C7,11:51,7.09,25.5,12:26,7.15,27.2,21,Kntrolle ,,10,C7,12:44,7,27,13:12,7,27.1,Kontrolle ,
8/10/2019,16,35.4,400,2,11,C9,11:52,7.08,25.4,12:27,7.23,27.2,22,Probe nachgeholt ,,11,C9,12:44,7.08,27,13:14,6.98,27,Probe nachgeholt,
8/10/2019,16,35.4,400,3,1,A2,13:37,7.08,25.9,14:07,7.19,27.1,23,,,1,A2,14:24,7.15,26.9,14:54,6.91,27.1,,
8/10/2019,16,35.4,400,3,2,A4 ,13:38,7.1,26,14:09,7.76,27.3,24,,,2,A4 ,14:27,7.6,27.1,14:56,7.19,27.2,,
8/10/2019,16,35.4,400,3,3,A6,13:39,7.12,26,14:11,7.6,27.3,25,,,3,A6,14:28,7.48,27,14:58,7.01,27.2,,
8/10/2019,16,35.4,400,3,4,A8,13:40,7.13,26,14:12,7.45,27.4,26,,,4,A8,14:29,7.3,27.1,14:59,7.02,27.1,,
8/10/2019,16,35.4,400,3,5,B2,13:41,7.14,25.9,14:14,7.31,27.1,27,,,5,B2,14:30,7.21,26.9,15:00,7,27,,
8/10/2019,16,35.4,400,3,6,B4,13:42,7.1,25.9,14:15,7.35,27.1,28,,,6,B4,14:31,7.22,26.9,15:01,7.02,27.1,,
8/10/2019,16,35.4,400,3,7,B6,13:43,7.1,25.8,14:17,7.33,27.1,29,,,7,B6,14:32,7.18,26.9,15:02,7.01,27.1,,
8/10/2019,16,35.4,400,3,8,B8,13:43,7.09,25.8,14:17,7.28,27.1,30,,,8,B8,14:33,7.07,26.8,15:03,6.97,27.2,,
8/10/2019,16,35.4,400,3,9,C6,13:44,7.1,25.8,14:18,7.26,27.1,31,,,9,C6,14:34,7.06,26.9,15:04,6.91,27,,
8/10/2019,16,35.4,400,3,10,C7,13:44,7.09,25.7,14:20,7.15,27.1,32,Kontrolle ,,10,C7,14:35,7.02,26.9,15:05,6.98,27,Kontrolle ,
8/12/2019,17,35.5,400,1,1,A2,9:37,7.26,25.4,10:07,7.54,26.1,1,,,1,A2,10:23,7.54,25.8,10:53,6.98,26.5,,
8/12/2019,17,35.5,400,1,2,A4 ,9:38,7.25,25.4,10:09,7.6,26.3,2,,,2,A4 ,10:24,7.53,26.2,10:55,7.03,26.8,,
8/12/2019,17,35.5,400,1,3,A6,9:42,7.25,25.4,10:12,7.7,26.4,3,,,3,A6,10:26,7.65,26.3,10:56,7.13,26.8,,
8/12/2019,17,35.5,400,1,4,A8,9:40,7.24,25.4,10:10,7.62,26.3,4,,,4,A8,10:27,7.47,26.4,10:57,7.21,26.7,,
8/12/2019,17,35.5,400,1,5,B2,9:41,7.24,25.4,10:13,7.81,25.8,5,,,5,B2,10:28,7.62,25.8,10:58,7.3,26.2,,
8/12/2019,17,35.5,400,1,6,B4,9:42,7.24,25.4,10:14,7.89,25.8,6,,,6,B4,10:29,7.68,25.7,10:59,7.32,26.1,,
8/12/2019,17,35.5,400,1,7,B6,9:43,7.24,25.3,10:15,7.65,25.8,7,,,7,B6,10:30,7.5,25.7,11:00,7.25,26.1,,
8/12/2019,17,35.5,400,1,8,B8,9:44,7.24,25.3,10:16,7.49,25.7,8,,,8,B8,10:31,7.42,25.7,11:00,7.19,26.1,,
8/12/2019,17,35.5,400,1,9,C6,9:46,7.24,25.3,10:17,7.37,27,9,,,9,C6,10:32,7.26,26.9,11:02,7.06,27.2,,
8/12/2019,17,35.5,400,1,10,C7,9:46,7.22,25.2,10:18,7.27,27.2,10,Kontrolle ,,10,C7,10:32,7.23,27.1,11:03,7.15,27.3,Kontrolle ,
8/12/2019,17,35.5,400,2,1,A2,11:24,7.23,25.6,11:54,7.76,26.7,11,,,1,A2,12:12,7.96,26.5,12:42,7.81,26.9,,
8/12/2019,17,35.5,400,2,2,A4 ,11:25,7.29,25.7,11:56,8.13,27.1,12,,,2,A4 ,12:14,8.2,26.8,12:44,7.78,27,,
8/12/2019,17,35.5,400,2,3,A6,11:26,7.34,25.6,11:57,8.16,27.1,13,,,3,A6,12:14,8.16,26.9,12:45,7.73,27,,
8/12/2019,17,35.5,400,2,4,A8,11:26,7.36,25.6,11:58,8.01,26.9,14,,,4,A8,12:15,8.02,26.9,12:46,7.63,26.9,,
8/12/2019,17,35.5,400,2,5,B2,11:28,7.36,25.6,11:59,7.99,26.4,15,,,5,B2,12:16,7.96,26.2,12:48,7.61,26.4,,
8/12/2019,17,35.5,400,2,6,B4,11:28,7.36,25.6,12:00,8.03,26.4,16,,,6,B4,12:17,8.01,26.2,12:49,7.6,26.4,,
8/12/2019,17,35.5,400,2,7,B6,11:29,7.37,25.6,12:01,7.76,26.3,17,,,7,B6,12:18,7.7,26.2,12:50,7.47,26.4,,
8/12/2019,17,35.5,400,2,8,B8,11:30,7.37,25.6,12:03,7.63,26.3,18,,,8,B8,12:19,7.55,26.2,12:51,7.38,26.4,,
8/12/2019,17,35.5,400,2,9,C6,11:31,7.36,25.5,12:04,7.55,27.4,19,,,9,C6,12:20,7.42,27.2,12:52,7.26,27.4,,
8/12/2019,17,35.5,400,2,10,C7,11:31,7.35,25.5,12:05,7.4,27.5,20,Kontrolle ,,10,C7,12:21,7.35,27.4,12:53,7.25,27.5,Kontrolle ,
8/12/2019,17,35.5,400,3,1,A2,13:17,7.24,25.9,13:47,7.81,26.6,21,,,1,A2,14:05,8,26.7,14:35,7.44,26.9,,
8/12/2019,17,35.5,400,3,2,A4 ,13:18,7.31,25.9,13:50,8.08,27,22,,,2,A4 ,14:06,8.1,26.8,14:36,7.49,27,,
8/12/2019,17,35.5,400,3,3,A6,13:19,7.33,25.9,13:52,8.14,27.1,23,,,3,A6,14:07,8.06,26.8,14:38,7.5,27.1,,
8/12/2019,17,35.5,400,3,4,A8,13:20,7.34,25.9,13:53,8.09,27,24,,,4,A8,14:08,7.99,26.9,14:39,7.55,27,,
8/12/2019,17,35.5,400,3,5,B2,13:21,7.37,25.8,13:54,8.05,26.5,25,,,5,B2,14:09,7.96,26.3,14:40,7.56,26.5,,
8/12/2019,17,35.5,400,3,6,B4,13:22,7.37,25.8,13:55,8,26.5,26,,,6,B4,14:12,7.63,26.3,14:41,7.49,26.4,,
8/12/2019,17,35.5,400,3,7,B6,13:22,7.38,25.8,13:56,7.86,26.4,27,,,7,B6,14:11,7.71,26.4,14:42,7.39,26.4,,
8/12/2019,17,35.5,400,3,8,B8,13:23,7.37,25.7,13:57,7.69,26.4,28,,,8,B8,14:13,7.54,26.3,14:43,7.33,26.4,,
8/12/2019,17,35.5,400,3,9,C6,13:24,7.37,25.7,13:58,7.57,27.3,29,,,9,C6,14:13,7.43,27.3,14:44,7.22,27.7,,
8/12/2019,17,35.5,400,3,10,C7,13:25,7.37,25.7,13:59,7.43,27.4,30,Kontrolle ,,10,C7,14:14,7.32,27.5,14:45,7.25,27.7,Kontrolle ,
