date,day,fragment_ID,genus,family,salinity,run,jar,time_start_L,O2_start_L,time_end_L,O2_end_L,time_start_D,O2_start_D,time_end_D,O2_end_D,Vjar_l,time_start_L_cont,O2_start_L_cont,time_end_L_cont,O2_end_L_cont,time_start_D_cont,O2_start_D_cont,time_end_D_cont,O2_end_D_cont
7/22/2019,1,Pve-F1,Pocillopora,Pocilloporidae,34,1,1,10:10,6.84,10:40,7.47,11:12,7.76,11:42,7.34,1.00036,10:27,6.93,11:04,6.86,11:31,6.85,12:05,6.79
7/22/2019,1,Pve-A1,Pocillopora,Pocilloporidae,34,1,2,10:13,6.91,10:44,7.35,11:17,7.58,11:47,7.11,1.00036,10:27,6.93,11:04,6.86,11:31,6.85,12:05,6.79
7/22/2019,1,Pve-B1,Pocillopora,Pocilloporidae,34,1,3,10:14,6.94,10:46,7.36,11:20,7.46,11:50,7.02,1.00036,10:27,6.93,11:04,6.86,11:31,6.85,12:05,6.79
7/22/2019,1,Amu-D1,Acropora,Acroporidae,34,1,4,10:16,6.94,10:49,7.13,11:22,7.23,11:52,6.95,1.00036,10:27,6.93,11:04,6.86,11:31,6.85,12:05,6.79
7/22/2019,1,Amu-B1,Acropora,Acroporidae,34,1,5,10:18,6.86,10:51,7.02,11:23,7.02,11:54,6.88,1.00036,10:27,6.93,11:04,6.86,11:31,6.85,12:05,6.79
7/22/2019,1,Amu-A1,Acropora,Acroporidae,34,1,6,10:20,6.86,10:53,7.15,11:25,7.05,11:56,6.94,1.00036,10:27,6.93,11:04,6.86,11:31,6.85,12:05,6.79
7/22/2019,1,Plo-B1,Porites,Poritidae,34,1,7,10:22,6.91,10:56,7.14,11:27,6.97,11:59,6.83,1.00036,10:27,6.93,11:04,6.86,11:31,6.85,12:05,6.79
7/22/2019,1,Plo-C1,Porites,Poritidae,34,1,8,10:23,6.93,10:59,7.1,11:28,6.97,12:01,6.76,1.00036,10:27,6.93,11:04,6.86,11:31,6.85,12:05,6.79
7/22/2019,1,Plo-D1,Porites,Poritidae,34,1,9,10:25,6.92,11:02,7.02,11:30,6.91,12:03,6.84,1.00036,10:27,6.93,11:04,6.86,11:31,6.85,12:05,6.79
7/22/2019,1,Pve-F3,Pocillopora,Pocilloporidae,34,2,1,13:00,6.94,13:30,7.33,13:51,7.34,14:19,6.91,1.00036,13:16,7.01,13:46,6.93,14:06,6.87,14:40,6.9
7/22/2019,1,Pve-A2,Pocillopora,Pocilloporidae,34,2,2,13:01,6.93,13:33,7.32,13:55,7.44,14:25,7.05,1.00036,13:16,7.01,13:46,6.93,14:06,6.87,14:40,6.9
7/22/2019,1,Pve-B3,Pocillopora,Pocilloporidae,34,2,3,13:03,6.98,13:35,7.32,13:56,7.47,14:27,7.01,1.00036,13:16,7.01,13:46,6.93,14:06,6.87,14:40,6.9
7/22/2019,1,Amu-D2,Acropora,Acroporidae,34,2,4,13:04,6.96,13:36,7.12,13:57,7.27,14:29,7.03,1.00036,13:16,7.01,13:46,6.93,14:06,6.87,14:40,6.9
7/22/2019,1,Amu-B2,Acropora,Acroporidae,34,2,5,13:07,6.93,13:38,7.04,14:00,7.02,14:32,6.91,1.00036,13:16,7.01,13:46,6.93,14:06,6.87,14:40,6.9
7/22/2019,1,Amu-A2,Acropora,Acroporidae,34,2,6,13:09,7.01,13:39,7.15,14:01,7,14:33,6.92,1.00036,13:16,7.01,13:46,6.93,14:06,6.87,14:40,6.9
7/22/2019,1,Plo-B2,Porites,Poritidae,34,2,7,13:10,6.99,13:41,7.16,14:02,6.97,14:35,6.87,1.00036,13:16,7.01,13:46,6.93,14:06,6.87,14:40,6.9
7/22/2019,1,Plo-C2,Porites,Poritidae,34,2,8,13:12,6.98,13:43,7.07,14:03,6.94,14:37,6.78,1.00036,13:16,7.01,13:46,6.93,14:06,6.87,14:40,6.9
7/22/2019,1,Plo-D2,Porites,Poritidae,34,2,9,13:14,7.01,13:44,7.06,14:05,6.93,14:39,6.82,1.00036,13:16,7.01,13:46,6.93,14:06,6.87,14:40,6.9
7/22/2019,1,Pve-F4,Pocillopora,Pocilloporidae,34,3,1,14:58,6.95,15:28,7.55,15:52,7.64,16:22,7.09,1.00036,15:11,6.97,15:46,6.92,16:03,6.94,16:42,6.9
7/22/2019,1,Pve-A4,Pocillopora,Pocilloporidae,34,3,2,14:59,7,15:30,7.51,15:54,7.66,16:25,7.12,1.00036,15:11,6.97,15:46,6.92,16:03,6.94,16:42,6.9
7/22/2019,1,Pve-B4,Pocillopora,Pocilloporidae,34,3,3,15:01,6.99,15:32,7.3,15:55,7.58,16:28,6.95,1.00036,15:11,6.97,15:46,6.92,16:03,6.94,16:42,6.9
7/22/2019,1,Amu-D3,Acropora,Acroporidae,34,3,4,15:02,6.89,15:34,7.11,15:56,7.25,16:30,6.84,1.00036,15:11,6.97,15:46,6.92,16:03,6.94,16:42,6.9
7/22/2019,1,Amu-B4,Acropora,Acroporidae,34,3,5,15:04,6.96,15:35,7.03,15:57,7.11,16:32,6.83,1.00036,15:11,6.97,15:46,6.92,16:03,6.94,16:42,6.9
7/22/2019,1,Amu-A3,Acropora,Acroporidae,34,3,6,15:05,6.92,15:37,7.18,15:59,7.18,16:36,6.84,1.00036,15:11,6.97,15:46,6.92,16:03,6.94,16:42,6.9
7/22/2019,1,Plo-B3,Porites,Poritidae,34,3,7,15:07,6.85,15:40,7.15,16:00,7.17,16:37,6.8,1.00036,15:11,6.97,15:46,6.92,16:03,6.94,16:42,6.9
7/22/2019,1,Plo-C3,Porites,Poritidae,34,3,8,15:08,6.88,15:42,7.08,16:01,7.06,16:38,6.78,1.00036,15:11,6.97,15:46,6.92,16:03,6.94,16:42,6.9
7/22/2019,1,Plo-D3,Porites,Poritidae,34,3,9,15:09,6.9,15:43,7.14,16:02,7.02,16:40,6.77,1.00036,15:11,6.97,15:46,6.92,16:03,6.94,16:42,6.9
7/23/2019,2,Pda-A1,Pocillopora,Pocilloporidae,34.2,1,1,9:48,6.97,10:18,7.22,10:38,7.28,11:08,7,1.00036,10:01,6.96,10:33,6.91,10:52,6.9,11:24,6.84
7/23/2019,2,Pda-B1,Pocillopora,Pocilloporidae,34.2,1,2,9:50,6.92,10:20,7.53,10:40,7.51,11:10,7.22,1.00036,10:01,6.96,10:33,6.91,10:52,6.9,11:24,6.84
7/23/2019,2,Pda-D1,Pocillopora,Pocilloporidae,34.2,1,3,9:51,6.98,10:23,7.12,10:42,7.28,11:12,6.96,1.00036,10:01,6.96,10:33,6.91,10:52,6.9,11:24,6.84
7/23/2019,2,Acy-B1,Acropora,Acroporidae,34.2,1,4,9:53,6.98,10:24,7.06,10:44,7.09,11:14,6.95,1.00036,10:01,6.96,10:33,6.91,10:52,6.9,11:24,6.84
7/23/2019,2,Acy-D1,Acropora,Acroporidae,34.2,1,5,9:54,6.98,10:26,7.03,10:45,7.02,11:16,6.92,1.00036,10:01,6.96,10:33,6.91,10:52,6.9,11:24,6.84
7/23/2019,2,Acy-A1,Acropora,Acroporidae,34.2,1,6,9:55,6.98,10:27,7.06,10:46,7.03,11:17,6.93,1.00036,10:01,6.96,10:33,6.91,10:52,6.9,11:24,6.84
7/23/2019,2,Pcy-B1,Porites,Poritidae,34.2,1,7,9:57,6.98,10:29,7.11,10:48,7.08,11:19,6.95,1.00036,10:01,6.96,10:33,6.91,10:52,6.9,11:24,6.84
7/23/2019,2,Pcy-C1,Porites,Poritidae,34.2,1,8,9:58,6.95,10:30,7.07,10:49,7.06,11:21,6.88,1.00036,10:01,6.96,10:33,6.91,10:52,6.9,11:24,6.84
7/23/2019,2,Pcy-A1,Porites,Poritidae,34.2,1,9,10:00,6.94,10:32,7,10:51,6.96,11:22,6.8,1.00036,10:01,6.96,10:33,6.91,10:52,6.9,11:24,6.84
7/23/2019,2,Pda-A2,Pocillopora,Pocilloporidae,34.2,2,1,12:25,6.81,12:55,7.4,13:16,7.22,13:47,6.99,1.00036,12:37,6.95,13:11,7,13:28,6.98,14:03,6.92
7/23/2019,2,Pda-B2,Pocillopora,Pocilloporidae,34.2,2,2,12:26,6.94,12:58,7.65,13:18,7.84,13:49,7.43,1.00036,12:37,6.95,13:11,7,13:28,6.98,14:03,6.92
7/23/2019,2,Pda-D2,Pocillopora,Pocilloporidae,34.2,2,3,12:28,6.97,13:00,7.45,13:19,7.61,13:51,6.97,1.00036,12:37,6.95,13:11,7,13:28,6.98,14:03,6.92
7/23/2019,2,Acy-B3,Acropora,Acroporidae,34.2,2,4,12:29,6.96,13:02,7.09,13:20,7.3,13:54,7.03,1.00036,12:37,6.95,13:11,7,13:28,6.98,14:03,6.92
7/23/2019,2,Acy-D2,Acropora,Acroporidae,34.2,2,5,12:30,6.91,13:03,7.04,13:22,7.16,13:56,6.99,1.00036,12:37,6.95,13:11,7,13:28,6.98,14:03,6.92
7/23/2019,2,Acy-A2,Acropora,Acroporidae,34.2,2,6,12:32,6.94,13:04,7.06,13:23,7.08,13:57,6.96,1.00036,12:37,6.95,13:11,7,13:28,6.98,14:03,6.92
7/23/2019,2,Pcy-B2,Porites,Poritidae,34.2,2,7,12:33,6.94,13:06,7.03,13:24,7.07,13:58,6.96,1.00036,12:37,6.95,13:11,7,13:28,6.98,14:03,6.92
7/23/2019,2,Pcy-C3,Porites,Poritidae,34.2,2,8,12:35,6.92,13:07,7.08,13:26,7.07,14:00,6.94,1.00036,12:37,6.95,13:11,7,13:28,6.98,14:03,6.92
7/23/2019,2,Pcy-A2,Porites,Poritidae,34.2,2,9,12:36,6.94,13:09,7.13,13:27,7.05,14:01,6.85,1.00036,12:37,6.95,13:11,7,13:28,6.98,14:03,6.92
7/23/2019,2,Pda-A4,Pocillopora,Pocilloporidae,34.2,3,1,14:34,6.98,15:04,7.23,15:24,7.14,15:54,6.94,1.00036,14:46,6.99,15:18,7.03,15:37,6.95,16:08,6.9
7/23/2019,2,Pda-B4,Pocillopora,Pocilloporidae,34.2,3,2,14:36,7,15:07,7.45,15:27,7.56,15:56,7.14,1.00036,14:46,6.99,15:18,7.03,15:37,6.95,16:08,6.9
7/23/2019,2,Pda-D4,Pocillopora,Pocilloporidae,34.2,3,3,14:37,7.01,15:09,7.28,15:28,7.26,15:58,6.9,1.00036,14:46,6.99,15:18,7.03,15:37,6.95,16:08,6.9
7/23/2019,2,Acy-B4,Acropora,Acroporidae,34.2,3,4,14:39,7.04,15:11,7.13,15:30,7.11,16:00,6.91,1.00036,14:46,6.99,15:18,7.03,15:37,6.95,16:08,6.9
7/23/2019,2,Acy-D3,Acropora,Acroporidae,34.2,3,5,14:40,7.04,15:12,7.13,15:31,7.01,16:02,6.94,1.00036,14:46,6.99,15:18,7.03,15:37,6.95,16:08,6.9
7/23/2019,2,Acy-A3,Acropora,Acroporidae,34.2,3,6,14:41,7.03,15:13,7.15,15:32,7.03,16:03,6.91,1.00036,14:46,6.99,15:18,7.03,15:37,6.95,16:08,6.9
7/23/2019,2,Pcy-B4,Porites,Poritidae,34.2,3,7,14:42,7.02,15:14,7.11,15:33,7.04,16:04,6.89,1.00036,14:46,6.99,15:18,7.03,15:37,6.95,16:08,6.9
7/23/2019,2,Pcy-C4,Porites,Poritidae,34.2,3,8,14:44,7,15:16,7.15,15:35,7.03,16:06,6.86,1.00036,14:46,6.99,15:18,7.03,15:37,6.95,16:08,6.9
7/23/2019,2,Pcy-A4,Porites,Poritidae,34.2,3,9,14:45,6.99,15:17,7.14,15:36,7.01,16:07,6.88,1.00036,14:46,6.99,15:18,7.03,15:37,6.95,16:08,6.9
7/24/2019,3,Spi-A1,Stylophora,Pocilloporidae,34.4,1,1,10:10,6.86,10:40,7.18,11:00,7.31,11:30,6.7,1.00036,10:22,6.94,10:54,6.98,11:10,6.97,11:43,6.84
7/24/2019,3,Spi-B1,Stylophora,Pocilloporidae,34.4,1,2,10:12,6.93,10:42,7.44,11:01,7.52,11:32,7.02,1.00036,10:22,6.94,10:54,6.98,11:10,6.97,11:43,6.84
7/24/2019,3,Spi-D1,Stylophora,Pocilloporidae,34.4,1,3,10:13,6.95,10:44,7.42,11:02,7.45,11:34,7.02,1.00036,10:22,6.94,10:54,6.98,11:10,6.97,11:43,6.84
7/24/2019,3,Mdi-C1,Montipora,Acroporidae,34.4,1,4,10:14,6.94,10:46,7.44,11:03,7.41,11:35,7.06,1.00036,10:22,6.94,10:54,6.98,11:10,6.97,11:43,6.84
7/24/2019,3,Mdi-A1,Montipora,Acroporidae,34.4,1,5,10:16,6.94,10:47,7.42,11:05,7.44,11:37,7.11,1.00036,10:22,6.94,10:54,6.98,11:10,6.97,11:43,6.84
7/24/2019,3,Mdi-D1,Montipora,Acroporidae,34.4,1,6,10:17,6.92,10:48,7.51,11:06,7.46,11:38,7.06,1.00036,10:22,6.94,10:54,6.98,11:10,6.97,11:43,6.84
7/24/2019,3,Pru-D1,Porites,Poritidae,34.4,1,7,10:19,6.91,10:50,7.26,11:07,7.27,11:39,6.97,1.00036,10:22,6.94,10:54,6.98,11:10,6.97,11:43,6.84
7/24/2019,3,Pru-E2,Porites,Poritidae,34.4,1,8,10:20,6.91,10:51,7.11,11:08,7.12,11:40,6.89,1.00036,10:22,6.94,10:54,6.98,11:10,6.97,11:43,6.84
7/24/2019,3,Pru-A1,Porites,Poritidae,34.4,1,9,10:21,6.93,10:52,7.1,11:09,7.02,11:42,6.83,1.00036,10:22,6.94,10:54,6.98,11:10,6.97,11:43,6.84
7/24/2019,3,Spi-A2,Stylophora,Pocilloporidae,34.4,2,1,12:19,6.95,12:49,7.42,13:10,7.57,13:40,7.19,1.00036,12:30,7.04,13:03,7.06,13:21,7,13:54,6.91
7/24/2019,3,Spi-B2,Stylophora,Pocilloporidae,34.4,2,2,12:21,7.02,12:52,7.56,13:11,7.69,13:43,7.18,1.00036,12:30,7.04,13:03,7.06,13:21,7,13:54,6.91
7/24/2019,3,Spi-D2,Stylophora,Pocilloporidae,34.4,2,3,12:22,7.02,12:54,7.57,13:12,7.8,13:44,7.24,1.00036,12:30,7.04,13:03,7.06,13:21,7,13:54,6.91
7/24/2019,3,Mdi-C3,Montipora,Acroporidae,34.4,2,4,12:23,7,12:55,7.6,13:14,7.7,13:46,7.26,1.00036,12:30,7.04,13:03,7.06,13:21,7,13:54,6.91
7/24/2019,3,Mdi-A3,Montipora,Acroporidae,34.4,2,5,12:24,7.01,12:56,7.55,13:15,7.48,13:47,7.2,1.00036,12:30,7.04,13:03,7.06,13:21,7,13:54,6.91
7/24/2019,3,Mdi-D3,Montipora,Acroporidae,34.4,2,6,12:25,7,12:57,7.55,13:17,7.5,13:48,7.13,1.00036,12:30,7.04,13:03,7.06,13:21,7,13:54,6.91
7/24/2019,3,Pru-D3,Porites,Poritidae,34.4,2,7,12:26,7,12:59,7.32,13:18,7.3,13:50,7.03,1.00036,12:30,7.04,13:03,7.06,13:21,7,13:54,6.91
7/24/2019,3,Pru-E3,Porites,Poritidae,34.4,2,8,12:28,7,13:01,7.22,13:19,7.13,13:51,6.94,1.00036,12:30,7.04,13:03,7.06,13:21,7,13:54,6.91
7/24/2019,3,Pru-A3,Porites,Poritidae,34.4,2,9,12:29,7.03,13:02,7.21,13:20,7.13,13:52,6.93,1.00036,12:30,7.04,13:03,7.06,13:21,7,13:54,6.91
7/24/2019,3,Spi-A4,Stylophora,Pocilloporidae,34.4,3,1,14:35,6.89,15:05,7.36,15:26,7.66,15:56,7.07,1.00036,14:46,6.98,15:20,7.07,15:38,7.02,16:17,6.93
7/24/2019,3,Spi-B3,Stylophora,Pocilloporidae,34.4,3,2,14:36,6.97,15:08,7.35,15:27,7.51,15:59,7.02,1.00036,14:46,6.98,15:20,7.07,15:38,7.02,16:17,6.93
7/24/2019,3,Spi-D4,Stylophora,Pocilloporidae,34.4,3,3,14:37,6.99,15:09,7.6,15:30,7.76,16:01,7.26,1.00036,14:46,6.98,15:20,7.07,15:38,7.02,16:17,6.93
7/24/2019,3,Mdi-C4,Montipora,Acroporidae,34.4,3,4,14:39,7,15:11,7.56,15:31,7.64,16:04,7.11,1.00036,14:46,6.98,15:20,7.07,15:38,7.02,16:17,6.93
7/24/2019,3,Mdi-A4,Montipora,Acroporidae,34.4,3,5,14:40,7.01,15:13,7.55,15:32,7.57,16:06,7.04,1.00036,14:46,6.98,15:20,7.07,15:38,7.02,16:17,6.93
7/24/2019,3,Mdi-D4,Montipora,Acroporidae,34.4,3,6,14:41,7.03,15:14,7.61,15:33,7.54,16:10,7.01,1.00036,14:46,6.98,15:20,7.07,15:38,7.02,16:17,6.93
7/24/2019,3,Pru-D4,Porites,Poritidae,34.4,3,7,14:42,7.01,15:15,7.45,15:34,7.31,16:12,6.96,1.00036,14:46,6.98,15:20,7.07,15:38,7.02,16:17,6.93
7/24/2019,3,Pru-E4,Porites,Poritidae,34.4,3,8,14:44,6.99,15:17,7.25,15:35,7.15,16:14,6.91,1.00036,14:46,6.98,15:20,7.07,15:38,7.02,16:17,6.93
7/24/2019,3,Pru-A4,Porites,Poritidae,34.4,3,9,14:45,6.99,15:18,7.17,15:37,7.09,16:15,6.92,1.00036,14:46,6.98,15:20,7.07,15:38,7.02,16:17,6.93
7/26/2019,4,Pve-F1 | Pve-F3 | Pve-F4,Pocillopora,Pocilloporidae,34.6,1,1,10:16,6.8,10:46,7.84,11:12,8.91,11:42,6.88,1.00036,10:28,6.82,11:04,6.88,11:29,6.91,12:01,6.74
7/26/2019,4,Pda-A1 | Pda-A2 | Pda-A4,Pocillopora,Pocilloporidae,34.6,1,2,10:17,6.85,10:50,7.84,11:15,8.06,11:45,6.97,1.00036,10:28,6.82,11:04,6.88,11:29,6.91,12:01,6.74
7/26/2019,4,Spi-A1 |  Spi-A2 |  Spi-A4,Stylophora,Pocilloporidae,34.6,1,3,10:19,6.87,10:51,7.76,11:17,7.95,11:47,6.27,1.00036,10:28,6.82,11:04,6.88,11:29,6.91,12:01,6.74
7/26/2019,4,Amu-D1 | Amu-D2 | Amu-D3,Acropora,Acroporidae,34.6,1,4,10:20,6.85,10:52,7.44,11:19,7.53,11:51,6.81,1.00036,10:28,6.82,11:04,6.88,11:29,6.91,12:01,6.74
7/26/2019,4,Acy-B1 | Acy-B3 | Acy-B4,Acropora,Acroporidae,34.6,1,5,10:22,6.85,10:54,7.28,11:21,7.33,11:53,6.87,1.00036,10:28,6.82,11:04,6.88,11:29,6.91,12:01,6.74
7/26/2019,4,Mdi-C1 | Mdi-C3 | Mdi-C4,Montipora,Acroporidae,34.6,1,6,10:23,6.85,10:55,7.75,11:23,7.81,11:54,7.03,1.00036,10:28,6.82,11:04,6.88,11:29,6.91,12:01,6.74
7/26/2019,4,Plo-B1 |   Plo-B2 |  Plo-B3,Porites,Poritidae,34.6,1,7,10:24,6.84,10:59,7.52,11:26,7.32,11:56,6.63,1.00036,10:28,6.82,11:04,6.88,11:29,6.91,12:01,6.74
7/26/2019,4,Pcy-B1 | Pcy-B2 | Pcy-B4,Porites,Poritidae,34.6,1,8,10:26,6.84,11:01,7.37,11:27,7.13,11:59,6.59,1.00036,10:28,6.82,11:04,6.88,11:29,6.91,12:01,6.74
7/26/2019,4,Pru-D1 | Pru-D3 | Pru-D4,Porites,Poritidae,34.6,1,9,10:27,6.83,11:03,7.31,11:28,7.04,12:00,6.58,1.00036,10:28,6.82,11:04,6.88,11:29,6.91,12:01,6.74
7/26/2019,4,Pve-A1 | Pve-A2 | Pve-A4,Pocillopora,Pocilloporidae,34.6,2,1,12:31,6.88,13:01,7.97,13:35,9.05,14:05,7.92,1.00036,12:44,6.88,13:27,6.94,13:59,6.97,14:29,6.77
7/26/2019,4,Pda-B1 | Pda-B2 | Pda-B4,Pocillopora,Pocilloporidae,34.6,2,2,12:32,6.96,13:05,8.42,13:40,9.58,14:08,8.2,1.00036,12:44,6.88,13:27,6.94,13:59,6.97,14:29,6.77
7/26/2019,4,Spi-B1  | Spi-B2  | Spi-B3,Stylophora,Pocilloporidae,34.6,2,3,12:34,6.93,13:08,8.46,13:43,9.06,14:10,7.5,1.00036,12:44,6.88,13:27,6.94,13:59,6.97,14:29,6.77
7/26/2019,4,Amu-B1 | Amu-B2 | Amu-B4,Acropora,Acroporidae,34.6,2,4,12:35,6.93,13:09,7.4,13:47,7.5,14:12,7.2,1.00036,12:44,6.88,13:27,6.94,13:59,6.97,14:29,6.77
7/26/2019,4,Mdi-A1 | Mdi-A3 | Mdi-A4,Montipora,Acroporidae,34.6,2,5,12:37,6.92,13:14,8.31,13:50,8.58,14:14,7.53,1.00036,12:44,6.88,13:27,6.94,13:59,6.97,14:29,6.77
7/26/2019,4,Plo-C1 |  Plo-C2 |  Plo-C3,Porites,Poritidae,34.6,2,6,12:39,6.91,13:18,7.81,13:53,7.63,14:16,7.26,1.00036,12:44,6.88,13:27,6.94,13:59,6.97,14:29,6.77
7/26/2019,4,Pcy-C1 | Pcy-C3 | Pcy-C4,Porites,Poritidae,34.6,2,7,12:40,6.89,13:21,7.61,13:54,7.44,14:24,6.85,1.00036,12:44,6.88,13:27,6.94,13:59,6.97,14:29,6.77
7/26/2019,4,Pru-E2 | Pru-E3 | Pru-E4,Porites,Poritidae,34.6,2,8,12:41,6.88,13:23,7.48,13:56,7.24,14:26,6.79,1.00036,12:44,6.88,13:27,6.94,13:59,6.97,14:29,6.77
7/26/2019,4,Acy-D1 | Acy-D2 | Acy-D3,Acropora,Acroporidae,34.6,2,9,12:44,6.88,13:25,7.22,13:58,7.11,14:27,6.75,1.00036,12:44,6.88,13:27,6.94,13:59,6.97,14:29,6.77
7/26/2019,4,Pve-B1 | Pve-B3 | Pve-B4,Pocillopora,Pocilloporidae,34.6,3,1,15:12,6.8,15:42,7.63,16:16,8.8,16:46,6.86,1.00036,15:27,6.81,16:04,6.88,16:33,6.96,17:04,6.68
7/26/2019,4,Pda-D1 | Pda-D2 | Pda-D4,Pocillopora,Pocilloporidae,34.6,3,2,15:14,6.81,15:46,7.57,16:19,7.87,16:49,6.65,1.00036,15:27,6.81,16:04,6.88,16:33,6.96,17:04,6.68
7/26/2019,4,Spi-D1 |   Spi-D2 |  Spi-D4,Stylophora,Pocilloporidae,34.6,3,3,15:15,6.88,15:47,7.92,16:20,8.22,16:51,7.08,1.00036,15:27,6.81,16:04,6.88,16:33,6.96,17:04,6.68
7/26/2019,4,Amu-A1 | Amu-A2 | Amu-A3,Acropora,Acroporidae,34.6,3,4,15:17,6.86,15:51,7.83,16:22,8.07,16:54,7.11,1.00036,15:27,6.81,16:04,6.88,16:33,6.96,17:04,6.68
7/26/2019,4,Acy-A1 | Acy-A2 | Acy-A3,Acropora,Acroporidae,34.6,3,5,15:20,6.89,15:53,7.64,16:24,7.77,16:55,6.96,1.00036,15:27,6.81,16:04,6.88,16:33,6.96,17:04,6.68
7/26/2019,4,Mdi-D1 | Mdi-D3 | Mdi-D4,Montipora,Acroporidae,34.6,3,6,15:23,6.86,15:55,8.35,16:26,7.92,16:57,7.05,1.00036,15:27,6.81,16:04,6.88,16:33,6.96,17:04,6.68
7/26/2019,4,Plo-D1 | Plo-D2 | Plo-D3,Porites,Poritidae,34.6,3,7,15:24,6.8,15:58,7.72,16:29,7.52,16:59,6.86,1.00036,15:27,6.81,16:04,6.88,16:33,6.96,17:04,6.68
7/26/2019,4,Pcy-A1 | Pcy-A2 | Pcy-A4,Porites,Poritidae,34.6,3,8,15:25,6.82,16:01,7.44,16:31,7.2,17:01,6.6,1.00036,15:27,6.81,16:04,6.88,16:33,6.96,17:04,6.68
7/26/2019,4,Pru-A1 | Pru-A3 | Pru-A4,Porites,Poritidae,34.6,3,9,15:27,6.8,16:03,7.35,16:32,7.13,17:03,6.61,1.00036,15:27,6.81,16:04,6.88,16:33,6.96,17:04,6.68
7/29/2019,5,Pve-F1 | Pve-A1 | Pve-B1,Pocillopora,Pocilloporidae,35,1,1,10:13,6.81,10:43,8.22,11:11,9.05,11:41,7.52,1.00036,10:26,6.85,11:03,6.93,11:32,6.96,12:03,6.8
7/29/2019,5,Pda-A1 | Pda-B1 | Pda-D1,Pocillopora,Pocilloporidae,35,1,2,10:15,6.88,10:46,8.17,11:14,8.8,11:44,7.54,1.00036,10:26,6.85,11:03,6.93,11:32,6.96,12:03,6.8
7/29/2019,5,Spi-A2 |  Spi-B2 |  Spi-D2,Stylophora,Pocilloporidae,35,1,3,10:17,6.88,10:48,8.19,11:16,8.66,11:46,7.39,1.00036,10:26,6.85,11:03,6.93,11:32,6.96,12:03,6.8
7/29/2019,5,Amu-D1 | Amu-B1 | Amu-A1,Acropora,Acroporidae,35,1,4,10:19,6.91,10:49,7.67,11:19,7.93,11:48,7.23,1.00036,10:26,6.85,11:03,6.93,11:32,6.96,12:03,6.8
7/29/2019,5,Acy-B1 | Acy-D1 | Acy-A1,Acropora,Acroporidae,35,1,5,10:20,6.91,10:52,7.39,11:22,7.22,11:50,7.04,1.00036,10:26,6.85,11:03,6.93,11:32,6.96,12:03,6.8
7/29/2019,5,Mdi-C1 | Mdi-A1 | Mdi-D1,Montipora,Acroporidae,35,1,6,10:22,6.9,10:54,8.34,11:24,7.96,11:52,7.14,1.00036,10:26,6.85,11:03,6.93,11:32,6.96,12:03,6.8
7/29/2019,5,Plo-B1 |    Plo-C1 |   Plo-D1,Porites,Poritidae,35,1,7,10:23,6.88,10:58,7.82,11:28,7.58,11:58,6.58,1.00036,10:26,6.85,11:03,6.93,11:32,6.96,12:03,6.8
7/29/2019,5,Pcy-B1 | Pcy-C1 | Pcy-A1,Porites,Poritidae,35,1,8,10:24,6.87,11:00,7.63,11:30,7.35,12:00,6.65,1.00036,10:26,6.85,11:03,6.93,11:32,6.96,12:03,6.8
7/29/2019,5,Pru-D1 | Pru-E2 | Pru-A1,Porites,Poritidae,35,1,9,10:25,6.85,11:01,7.55,11:31,7.16,12:01,6.65,1.00036,10:26,6.85,11:03,6.93,11:32,6.96,12:03,6.8
7/29/2019,5,Pve-F3 | Pve-A2 | Pve-B3,Pocillopora,Pocilloporidae,35,2,1,12:36,6.81,13:06,8.18,13:34,9.08,14:04,7.66,1.00036,12:50,6.94,13:26,6.96,13:53,7.09,14:24,6.85
7/29/2019,5,Pda-A2 | Pda-B2 | Pda-D2,Pocillopora,Pocilloporidae,35,2,2,12:37,6.89,13:09,8.36,13:36,9.1,14:07,7.59,1.00036,12:50,6.94,13:26,6.96,13:53,7.09,14:24,6.85
7/29/2019,5,Spi-B1  | Spi-B2  | Spi-B3,Stylophora,Pocilloporidae,35,2,3,12:39,6.91,13:10,8.41,13:38,9.08,14:08,7.62,1.00036,12:50,6.94,13:26,6.96,13:53,7.09,14:24,6.85
7/29/2019,5,Amu-D2 | Amu-B2 | Amu-A2,Acropora,Acroporidae,35,2,4,12:40,6.92,13:12,7.72,13:42,7.89,14:10,7.33,1.00036,12:50,6.94,13:26,6.96,13:53,7.09,14:24,6.85
7/29/2019,5,Acy-B3 | Acy-D2 | Acy-A2,Acropora,Acroporidae,35,2,5,12:41,6.93,13:15,7.58,13:44,7.66,14:14,7.16,1.00036,12:50,6.94,13:26,6.96,13:53,7.09,14:24,6.85
7/29/2019,5,Mdi-C3 | Mdi-A3 | Mdi-D3,Montipora,Acroporidae,35,2,6,12:44,6.93,13:17,8.11,13:47,8.23,14:17,7.12,1.00036,12:50,6.94,13:26,6.96,13:53,7.09,14:24,6.85
7/29/2019,5,Plo-B2 |  Plo-C2 |   Plo-D2,Porites,Poritidae,35,2,7,12:47,6.91,13:20,7.63,13:49,7.6,14:18,6.88,1.00036,12:50,6.94,13:26,6.96,13:53,7.09,14:24,6.85
7/29/2019,5,Pcy-B2 | Pcy-C3 | Pcy-A2,Porites,Poritidae,35,2,8,12:48,6.95,13:23,7.55,13:51,7.36,14:21,6.72,1.00036,12:50,6.94,13:26,6.96,13:53,7.09,14:24,6.85
7/29/2019,5,Pru-D3 | Pru-E3 | Pru-A3,Porites,Poritidae,35,2,9,12:49,6.93,13:25,7.48,13:52,7.29,14:23,6.74,1.00036,12:50,6.94,13:26,6.96,13:53,7.09,14:24,6.85
7/29/2019,5,Pve-F4 | Pve-A4 |Pve-B4,Pocillopora,Pocilloporidae,35,3,1,15:02,6.8,15:33,7.88,16:03,9.03,16:33,7.4,1.00036,15:16,6.9,15:55,6.95,16:23,6.93,16:52,6.78
7/29/2019,5,Pda-A4 | Pda-B4 | Pda-D4,Pocillopora,Pocilloporidae,35,3,2,15:03,6.87,15:36,7.95,16:07,8.66,16:37,7.38,1.00036,15:16,6.9,15:55,6.95,16:23,6.93,16:52,6.78
7/29/2019,5,Spi-A4 |  Spi-B3 |  Spi-D4,Stylophora,Pocilloporidae,35,3,3,15:05,6.86,15:38,8.21,16:09,8.84,16:38,7.39,1.00036,15:16,6.9,15:55,6.95,16:23,6.93,16:52,6.78
7/29/2019,5,Amu-D3 | Amu-B4 | Amu-A3,Acropora,Acroporidae,35,3,4,15:06,6.87,15:40,7.74,16:12,8.02,16:40,7.28,1.00036,15:16,6.9,15:55,6.95,16:23,6.93,16:52,6.78
7/29/2019,5,Acy-B4 | Acy-D3 | Acy-A3,Acropora,Acroporidae,35,3,5,15:09,6.89,15:43,7.32,16:14,7.46,16:42,7.06,1.00036,15:16,6.9,15:55,6.95,16:23,6.93,16:52,6.78
7/29/2019,5,Mdi-C4 | Mdi-A4 | Mdi-D4,Montipora,Acroporidae,35,3,6,15:11,6.89,15:45,8.25,16:16,7.88,16:44,7.21,1.00036,15:16,6.9,15:55,6.95,16:23,6.93,16:52,6.78
7/29/2019,5,Plo-B3 |  Plo-C3 |   Plo-D3,Porites,Poritidae,35,3,7,15:14,6.89,15:48,7.55,16:19,7.55,16:46,6.96,1.00036,15:16,6.9,15:55,6.95,16:23,6.93,16:52,6.78
7/29/2019,5,Pcy-B4 | Pcy-C4 | Pcy-A4,Porites,Poritidae,35,3,8,15:15,6.89,15:52,7.4,16:20,7.32,16:49,6.81,1.00036,15:16,6.9,15:55,6.95,16:23,6.93,16:52,6.78
7/29/2019,5,Pru-D4 | Pru-E4 | Pru-A4,Porites,Poritidae,35,3,9,15:16,6.89,15:53,7.39,16:22,7.18,16:51,6.75,1.00036,15:16,6.9,15:55,6.95,16:23,6.93,16:52,6.78
7/30/2019,6,Pve-F1 | Pda-A1 | Spi-A1,mix ,Pocilloporidae,35.1,1,1,10:02,6.94,10:34,7.96,10:59,8.38,11:29,7.31,1.00036,10:14,6.89,10:50,6.94,11:16,6.91,11:46,6.76
7/30/2019,6,Pve-A1 | Pda-B1 | Spi-B1,mix ,Pocilloporidae,35.1,1,2,10:04,6.94,10:38,8.24,11:01,8.92,11:32,7.39,1.00036,10:14,6.89,10:50,6.94,11:16,6.91,11:46,6.76
7/30/2019,6,Pve-B1 | Pda-D1 | Spi-D1,mix ,Pocilloporidae,35.1,1,3,10:06,6.93,10:39,8.3,11:03,8.55,11:34,7.3,1.00036,10:14,6.89,10:50,6.94,11:16,6.91,11:46,6.76
7/30/2019,6,Amu-D1 | Acy-B1 | Mdi-C1,mix ,Acroporidae,35.1,1,4,10:07,6.94,10:41,7.68,11:06,7.88,11:36,7.24,1.00036,10:14,6.89,10:50,6.94,11:16,6.91,11:46,6.76
7/30/2019,6,Amu-B1 | Acy-D1 | Mdi-A1,mix ,Acroporidae,35.1,1,5,10:09,6.92,10:43,7.85,11:08,7.83,11:37,7.26,1.00036,10:14,6.89,10:50,6.94,11:16,6.91,11:46,6.76
7/30/2019,6,Amu-A1 | Acy-A1 | Mdi-D1,mix ,Acroporidae,35.1,1,6,10:10,6.91,10:44,7.79,11:09,7.88,11:38,7.27,1.00036,10:14,6.89,10:50,6.94,11:16,6.91,11:46,6.76
7/30/2019,6,Plo-B1 | Pcy-B1 | Pru-D1,mix ,Poritidae,35.1,1,7,10:11,6.91,10:46,7.75,11:11,7.43,11:39,6.96,1.00036,10:14,6.89,10:50,6.94,11:16,6.91,11:46,6.76
7/30/2019,6,Plo-C1 | Pcy-C1 | Pru-E2,mix ,Poritidae,35.1,1,8,10:12,6.89,10:47,7.64,11:13,7.28,11:42,6.84,1.00036,10:14,6.89,10:50,6.94,11:16,6.91,11:46,6.76
7/30/2019,6,Plo-D1 | Pcy-A1 | Pru-A1,mix ,Poritidae,35.1,1,9,10:13,6.88,10:49,7.56,11:14,7.15,11:44,6.73,1.00036,10:14,6.89,10:50,6.94,11:16,6.91,11:46,6.76
7/30/2019,6,Pve-F3 | Pda-A2 | Spi-A2,mix ,Pocilloporidae,35.1,2,1,12:14,6.94,12:45,8.13,13:14,8.89,13:44,7.64,1.00036,12:25,6.94,13:04,7,13:33,7.03,14:03,6.86
7/30/2019,6,Pve-A2 | Pda-B2 | Spi-B2,mix ,Pocilloporidae,35.1,2,2,12:15,6.91,12:50,8.72,13:17,9.53,13:50,7.71,1.00036,12:25,6.94,13:04,7,13:33,7.03,14:03,6.86
7/30/2019,6,Pve-B3 | Pda-D2 | Spi-D2,mix ,Pocilloporidae,35.1,2,3,12:16,6.92,12:53,8.63,13:18,9.14,13:51,7.55,1.00036,12:25,6.94,13:04,7,13:33,7.03,14:03,6.86
7/30/2019,6,Amu-D2 | Acy-B3 | Mdi-C3,mix ,Acroporidae,35.1,2,4,12:18,6.94,12:54,8.09,13:22,8.26,13:53,7.44,1.00036,12:25,6.94,13:04,7,13:33,7.03,14:03,6.86
7/30/2019,6,Amu-B2 | Acy-D2 | Mdi-A3,mix ,Acroporidae,35.1,2,5,12:19,6.95,12:57,7.98,13:23,8.04,13:55,7.37,1.00036,12:25,6.94,13:04,7,13:33,7.03,14:03,6.86
7/30/2019,6,Amu-A2 | Acy-A2 | Mdi-D3,mix ,Acroporidae,35.1,2,6,12:21,6.92,12:58,8.01,13:25,7.99,13:57,7.38,1.00036,12:25,6.94,13:04,7,13:33,7.03,14:03,6.86
7/30/2019,6,Plo-B2 | Pcy-B2 | Pru-D3,mix ,Poritidae,35.1,2,7,12:22,6.93,13:00,7.82,13:29,7.48,13:58,7.14,1.00036,12:25,6.94,13:04,7,13:33,7.03,14:03,6.86
7/30/2019,6,Plo-C2 | Pcy-C3 | Pru-E3,mix ,Poritidae,35.1,2,8,12:23,6.94,13:01,7.71,13:30,7.4,14:00,7.02,1.00036,12:25,6.94,13:04,7,13:33,7.03,14:03,6.86
7/30/2019,6,Plo-D2 | Pcy-A2 | Pru-A3,mix ,Poritidae,35.1,2,9,12:24,6.94,13:03,7.63,13:32,7.37,14:01,6.87,1.00036,12:25,6.94,13:04,7,13:33,7.03,14:03,6.86
7/30/2019,6,Pve-F4 |  Pda-A4 |  Spi-A4,mix ,Pocilloporidae,35.1,3,1,14:35,6.89,15:05,8.31,15:32,9.19,16:02,7.52,1.00036,14:46,6.9,15:25,6.99,15:47,7.02,16:17,6.89
7/30/2019,6,Pve-A4 | Pda-B4 | Spi-B3,mix ,Pocilloporidae,35.1,3,2,14:36,6.94,15:09,8.26,15:34,8.99,16:06,7.42,1.00036,14:46,6.9,15:25,6.99,15:47,7.02,16:17,6.89
7/30/2019,6,Pve-B4 | Pda-D4 | Spi-D4,mix ,Pocilloporidae,35.1,3,3,14:38,6.94,15:10,8.12,15:36,8.67,16:07,7.82,1.00036,14:46,6.9,15:25,6.99,15:47,7.02,16:17,6.89
7/30/2019,6,Amu-D3 | Acy-B4 | Mdi-C4,mix ,Acroporidae,35.1,3,4,14:39,6.93,15:12,7.77,15:38,8.19,16:09,7.24,1.00036,14:46,6.9,15:25,6.99,15:47,7.02,16:17,6.89
7/30/2019,6,Amu-B4 | Acy-D3 | Mdi-A4,mix ,Acroporidae,35.1,3,5,14:41,6.92,15:15,7.79,15:39,8.04,16:10,7.28,1.00036,14:46,6.9,15:25,6.99,15:47,7.02,16:17,6.89
7/30/2019,6,Amu-A3 | Acy-A3 | Mdi-D4,mix ,Acroporidae,35.1,3,6,14:42,6.93,15:16,8.17,15:40,8.02,16:11,7.32,1.00036,14:46,6.9,15:25,6.99,15:47,7.02,16:17,6.89
7/30/2019,6,Plo-B3 | Pcy-B4 | Pru-D4,mix ,Poritidae,35.1,3,7,14:43,6.91,15:19,7.55,15:43,7.5,16:12,7.02,1.00036,14:46,6.9,15:25,6.99,15:47,7.02,16:17,6.89
7/30/2019,6,Plo-C3 | Pcy-C4 | Pru-E4,mix ,Poritidae,35.1,3,8,14:45,6.92,15:22,7.4,15:44,7.36,16:14,6.95,1.00036,14:46,6.9,15:25,6.99,15:47,7.02,16:17,6.89
7/30/2019,6,Plo-D3 | Pcy-A4 | Pru-A4,mix ,Poritidae,35.1,3,9,14:45,6.9,15:24,7.4,15:46,7.31,16:16,6.89,1.00036,14:46,6.9,15:25,6.99,15:47,7.02,16:17,6.89
7/31/2019,7,Pve-F1 | Amu-D1 | Plo-B1,mix ,mix ,35.3,1,1,10:33,6.92,11:04,7.8,11:29,8.47,11:59,7.44,1.00036,10:44,6.92,11:21,7,11:44,6.99,12:15,6.79
7/31/2019,7,Pve-A1 | Amu-B1 | Plo-C1,mix ,mix ,35.3,1,2,10:35,6.94,11:07,7.89,11:30,8.43,12:03,7.37,1.00036,10:44,6.92,11:21,7,11:44,6.99,12:15,6.79
7/31/2019,7,Pve-B1 | Amu-A1 | Plo-D1,mix ,mix ,35.3,1,3,10:36,6.93,11:08,8.02,11:31,8.33,12:04,7.31,1.00036,10:44,6.92,11:21,7,11:44,6.99,12:15,6.79
7/31/2019,7,Pda-A1 | Acy-B1 | Pcy-B1,mix ,mix ,35.3,1,4,10:37,6.93,11:10,7.83,11:33,7.97,12:05,7.24,1.00036,10:44,6.92,11:21,7,11:44,6.99,12:15,6.79
7/31/2019,7,Pda-B1 | Acy-D1 | Pcy-C1,mix ,mix ,35.3,1,5,10:38,6.93,11:12,7.84,11:34,7.99,12:06,7.33,1.00036,10:44,6.92,11:21,7,11:44,6.99,12:15,6.79
7/31/2019,7,Pda-D1 | Acy-A1 | Pcy-A1,mix ,mix ,35.3,1,6,10:40,6.92,11:13,7.62,11:37,7.55,12:08,6.95,1.00036,10:44,6.92,11:21,7,11:44,6.99,12:15,6.79
7/31/2019,7,Spi-A1 | Mdi-C1 | Pru-D1,mix ,mix ,35.3,1,7,10:41,6.92,11:15,7.77,11:39,7.75,12:10,6.91,1.00036,10:44,6.92,11:21,7,11:44,6.99,12:15,6.79
7/31/2019,7,Spi-B1 | Mdi-A1 | Pru-E2,mix ,mix ,35.3,1,8,10:42,6.92,11:17,8.25,11:40,7.91,12:11,6.93,1.00036,10:44,6.92,11:21,7,11:44,6.99,12:15,6.79
7/31/2019,7,Spi-D1 | Mdi-D1 | Pru-A1,mix ,mix ,35.3,1,9,10:43,6.92,11:19,8.16,11:41,7.73,12:13,6.73,1.00036,10:44,6.92,11:21,7,11:44,6.99,12:15,6.79
7/31/2019,7,Pve-F3 | Amu-D2 | Plo-B2,mix ,mix ,35.3,2,1,12:43,6.94,13:13,7.84,13:39,8.39,14:09,7.33,1.00036,12:55,6.94,13:31,6.99,13:53,6.97,14:22,6.9
7/31/2019,7,Pve-A2 | Amu-B2 | Plo-C2,mix ,mix ,35.3,2,2,12:45,6.94,13:17,7.85,13:40,8.4,14:12,7.37,1.00036,12:55,6.94,13:31,6.99,13:53,6.97,14:22,6.9
7/31/2019,7,Pve-B3 | Amu-A2 | Plo-D2,mix ,mix ,35.3,2,3,12:46,6.96,13:18,7.82,13:42,8.24,14:13,7.36,1.00036,12:55,6.94,13:31,6.99,13:53,6.97,14:22,6.9
7/31/2019,7,Pda-A2 | Acy-B3 | Pcy-B2,mix ,mix ,35.3,2,4,12:47,6.96,13:19,7.67,13:43,7.98,14:14,7.3,1.00036,12:55,6.94,13:31,6.99,13:53,6.97,14:22,6.9
7/31/2019,7,Pda-B2 | Acy-D2 | Pcy-C3,mix ,mix ,35.3,2,5,12:49,6.96,13:21,7.95,13:45,8.13,14:15,7.28,1.00036,12:55,6.94,13:31,6.99,13:53,6.97,14:22,6.9
7/31/2019,7,Pda-D2 | Acy-A2| Pcy-A2,mix ,mix ,35.3,2,6,12:50,6.94,13:24,7.69,13:48,7.67,14:16,7.05,1.00036,12:55,6.94,13:31,6.99,13:53,6.97,14:22,6.9
7/31/2019,7,Spi-A2 | Mdi-C3 | Pru-D3,mix ,mix ,35.3,2,7,12:52,6.94,13:26,7.79,13:50,7.88,14:18,7,1.00036,12:55,6.94,13:31,6.99,13:53,6.97,14:22,6.9
7/31/2019,7,Spi-B2 | Mdi-A3 | Pru-E3,mix ,mix ,35.3,2,8,12:53,6.94,13:28,8.12,13:51,7.87,14:20,6.96,1.00036,12:55,6.94,13:31,6.99,13:53,6.97,14:22,6.9
7/31/2019,7,Spi-D2 | Mdi-D3 | Pru-A3,mix ,mix ,35.3,2,9,12:54,6.94,13:30,8.18,13:52,7.79,14:21,6.93,1.00036,12:55,6.94,13:31,6.99,13:53,6.97,14:22,6.9
7/31/2019,7,Pve-F4 | Amu-D3 | Plo-B3,mix ,mix ,35.3,3,1,14:48,6.92,15:18,7.95,15:42,8.41,16:12,7.26,1.00036,15:02,6.94,15:32,6.97,15:56,6.94,16:26,6.85
7/31/2019,7,Pve-A4 | Amu-B4 | Plo-C3,mix ,mix ,35.3,3,2,14:50,6.91,15:21,8,15:43,8.18,16:16,7.2,1.00036,15:02,6.94,15:32,6.97,15:56,6.94,16:26,6.85
7/31/2019,7,Pve-B4 | Amu-A3 | Plo-D3,mix ,mix ,35.3,3,3,14:52,6.96,15:22,7.91,15:44,8.06,16:17,7.11,1.00036,15:02,6.94,15:32,6.97,15:56,6.94,16:26,6.85
7/31/2019,7,Pda-A4 | Acy-B4 | Pcy-B4,mix ,mix ,35.3,3,4,14:54,6.97,15:23,7.72,15:46,7.68,16:18,7.03,1.00036,15:02,6.94,15:32,6.97,15:56,6.94,16:26,6.85
7/31/2019,7,Pda-B4 | Acy-D3 | Pcy-C4,mix ,mix ,35.3,3,5,14:55,6.96,15:25,7.56,15:47,7.64,16:19,7.02,1.00036,15:02,6.94,15:32,6.97,15:56,6.94,16:26,6.85
7/31/2019,7,Pda-D4 | Acy-A3 | Pcy-A4,mix ,mix ,35.3,3,6,14:56,6.95,15:26,7.56,15:49,7.38,16:20,6.61,1.00036,15:02,6.94,15:32,6.97,15:56,6.94,16:26,6.85
7/31/2019,7,Spi-A4 | Mdi-C4 | Pru-D4,mix ,mix ,35.3,3,7,14:58,6.95,15:28,7.97,15:51,7.51,16:23,6.59,1.00036,15:02,6.94,15:32,6.97,15:56,6.94,16:26,6.85
7/31/2019,7,Spi-B3 | Mdi-A4 | Pru-E4,mix ,mix ,35.3,3,8,15:00,6.95,15:29,7.88,15:52,7.54,16:24,6.69,1.00036,15:02,6.94,15:32,6.97,15:56,6.94,16:26,6.85
7/31/2019,7,Spi-D4 | Mdi-D4 | Pru-A4,mix ,mix ,35.3,3,9,15:01,6.98,15:30,7.98,15:53,7.6,16:25,6.71,1.00036,15:02,6.94,15:32,6.97,15:56,6.94,16:26,6.85
8/1/2019,8,Pve-F1 | Acy-B1 | Pru-D1,mix ,mix ,35.4,1,1,9:30,6.86,10:00,7.5,10:23,7.95,10:53,7.18,1.00036,9:41,6.85,10:14,6.9,10:41,6.81,11:09,6.67
8/1/2019,8,Pve-A1 | Acy-D1 | Pru-E2,mix ,mix ,35.4,1,2,9:31,6.87,10:03,7.6,10:24,7.91,10:56,7.17,1.00036,9:41,6.85,10:14,6.9,10:41,6.81,11:09,6.67
8/1/2019,8,Pve-B1 | Acy-A1 | Pru-A1,mix ,mix ,35.4,1,3,9:33,6.88,10:04,7.75,10:26,8.08,10:57,7.16,1.00036,9:41,6.85,10:14,6.9,10:41,6.81,11:09,6.67
8/1/2019,8,Pda-A1 | Mdi-C1 | Plo-B1,mix ,mix ,35.4,1,4,9:34,6.88,10:06,7.79,10:27,8.04,10:58,7.13,1.00036,9:41,6.85,10:14,6.9,10:41,6.81,11:09,6.67
8/1/2019,8,Pda-B1 | Mdi-A1 | Plo-C1,mix ,mix ,35.4,1,5,9:35,6.86,10:07,8.04,10:30,8.51,10:59,7.32,1.00036,9:41,6.85,10:14,6.9,10:41,6.81,11:09,6.67
8/1/2019,8,Pda-D1 | Mdi-D1 | Plo-D1,mix ,mix ,35.4,1,6,9:37,6.87,10:08,8,10:32,7.88,11:01,7.26,1.00036,9:41,6.85,10:14,6.9,10:41,6.81,11:09,6.67
8/1/2019,8,Spi-A1 | Amu-D1 | Pcy-B1,mix ,mix ,35.4,1,7,9:38,6.86,10:09,7.74,10:35,7.23,11:02,6.64,1.00036,9:41,6.85,10:14,6.9,10:41,6.81,11:09,6.67
8/1/2019,8,Spi-B1 | Amu-B1 | Pcy-C1,mix ,mix ,35.4,1,8,9:39,6.85,10:11,7.7,10:36,7.3,11:06,6.6,1.00036,9:41,6.85,10:14,6.9,10:41,6.81,11:09,6.67
8/1/2019,8,Spi-D1 | Amu-A1 | Pcy-A1,mix ,mix ,35.4,1,9,9:41,6.85,10:12,7.56,10:39,6.96,11:07,6.44,1.00036,9:41,6.85,10:14,6.9,10:41,6.81,11:09,6.67
8/1/2019,8,Pve-F3 | Acy-B3 | Pru-D3,mix ,mix ,35.4,2,1,11:34,7.01,12:03,7.6,12:28,8.3,12:58,7.65,1.00036,11:46,7.02,12:19,7.08,12:44,7.01,13:14,6.91
8/1/2019,8,Pve-A2 | Acy-D2 | Pru-E3,mix ,mix ,35.4,2,2,11:36,7.01,12:06,7.73,12:29,8.22,13:02,7.53,1.00036,11:46,7.02,12:19,7.08,12:44,7.01,13:14,6.91
8/1/2019,8,Pve-B3 | Acy-A2 | Pru-A3,mix ,mix ,35.4,2,3,11:37,7.02,12:08,7.84,12:30,8.11,13:03,7.31,1.00036,11:46,7.02,12:19,7.08,12:44,7.01,13:14,6.91
8/1/2019,8,Pda-A2 | Mdi-C3 | Plo-B2,mix ,mix ,35.4,2,4,11:39,7.03,12:09,7.96,12:31,8.19,13:05,7.26,1.00036,11:46,7.02,12:19,7.08,12:44,7.01,13:14,6.91
8/1/2019,8,Pda-B2 | Mdi-A3 | Plo-C2,mix ,mix ,35.4,2,5,11:40,7.03,12:11,8.32,12:34,8.67,13:06,7.44,1.00036,11:46,7.02,12:19,7.08,12:44,7.01,13:14,6.91
8/1/2019,8,Pda-D2 | Mdi-D3 | Plo-D2,mix ,mix ,35.4,2,6,11:41,7.03,12:14,8.07,12:37,8.07,13:07,7.06,1.00036,11:46,7.02,12:19,7.08,12:44,7.01,13:14,6.91
8/1/2019,8,Spi-A2 | Amu-D2 | Pcy-B2,mix ,mix ,35.4,2,7,11:43,7.05,12:16,7.94,12:39,7.78,13:10,6.92,1.00036,11:46,7.02,12:19,7.08,12:44,7.01,13:14,6.91
8/1/2019,8,Spi-B2 | Amu-B2 | Pcy-C3,mix ,mix ,35.4,2,8,11:44,7,12:17,7.87,12:41,7.48,13:11,6.77,1.00036,11:46,7.02,12:19,7.08,12:44,7.01,13:14,6.91
8/1/2019,8,Spi-D2 | Amu-A2 | Pcy-A2,mix ,mix ,35.4,2,9,11:45,7.02,12:18,7.96,12:42,7.47,13:12,6.72,1.00036,11:46,7.02,12:19,7.08,12:44,7.01,13:14,6.91
8/1/2019,8,Pve-F4 | Acy-B4 | Pru-D4,mix ,mix ,35.4,3,1,13:40,6.95,14:10,7.8,14:35,8.25,15:05,7.42,1.00036,13:51,7.02,14:27,7.07,14:49,7.03,15:21,6.8
8/1/2019,8,Pve-A4 | Acy-D3 | Pru-E4,mix ,mix ,35.4,3,2,13:41,6.99,14:14,7.82,14:36,8.09,15:09,7.23,1.00036,13:51,7.02,14:27,7.07,14:49,7.03,15:21,6.8
8/1/2019,8,Pve-B4 | Acy-A3 | Pru-A4,mix ,mix ,35.4,3,3,13:42,7,14:15,7.83,14:38,7.93,15:11,7.12,1.00036,13:51,7.02,14:27,7.07,14:49,7.03,15:21,6.8
8/1/2019,8,Pda-A4 | Mdi-C4 | Plo-B3,mix ,mix ,35.4,3,4,13:44,7.02,14:16,7.92,14:39,7.85,15:12,7.08,1.00036,13:51,7.02,14:27,7.07,14:49,7.03,15:21,6.8
8/1/2019,8,Pda-B4 | Mdi-A4 | Plo-C3,mix ,mix ,35.4,3,5,13:45,7.03,14:17,8.18,14:41,8.2,15:13,7.15,1.00036,13:51,7.02,14:27,7.07,14:49,7.03,15:21,6.8
8/1/2019,8,Pda-D4 | Mdi-D4 | Plo-D3,mix ,mix ,35.4,3,6,13:47,7.02,14:19,8.17,14:42,8,15:14,6.92,1.00036,13:51,7.02,14:27,7.07,14:49,7.03,15:21,6.8
8/1/2019,8,Spi-A4 | Amu-D3 | Pcy-B4,mix ,mix ,35.4,3,7,13:48,7.03,14:20,7.95,14:43,7.76,15:17,6.77,1.00036,13:51,7.02,14:27,7.07,14:49,7.03,15:21,6.8
8/1/2019,8,Spi-B3 | Amu-B4 | Pcy-C4,mix ,mix ,35.4,3,8,13:49,7.03,14:23,7.83,14:45,7.53,15:19,6.72,1.00036,13:51,7.02,14:27,7.07,14:49,7.03,15:21,6.8
8/1/2019,8,Spi-D4 | Amu-A3 | Pcy-A4,mix ,mix ,35.4,3,9,13:50,7.03,14:24,8.36,14:46,7.44,15:20,6.69,1.00036,13:51,7.02,14:27,7.07,14:49,7.03,15:21,6.8
8/2/2019,9,Pve-F1 | Mdi-C1 | Pcy-B1,mix ,mix ,35.5,1,1,9:47,6.89,10:17,8.3,10:41,8.37,11:11,7.38,1.00036,9:57,6.88,10:33,6.9,10:56,6.91,11:27,6.73
8/2/2019,9,Pve-A1 | Mdi-A1 | Pcy-C1,mix ,mix ,35.5,1,2,9:48,6.9,10:21,8.09,10:42,8.3,11:14,7.35,1.00036,9:57,6.88,10:33,6.9,10:56,6.91,11:27,6.73
8/2/2019,9,Pve-B1 | Mdi-D1 | Pcy-A1,mix ,mix ,35.5,1,3,9:49,6.92,10:22,8.05,10:45,8.02,11:16,7.1,1.00036,9:57,6.88,10:33,6.9,10:56,6.91,11:27,6.73
8/2/2019,9,Pda-A1 | Amu-D1 | Pru-D1,mix ,mix ,35.5,1,4,9:50,6.92,10:23,7.8,10:47,7.79,11:18,7.05,1.00036,9:57,6.88,10:33,6.9,10:56,6.91,11:27,6.73
8/2/2019,9,Pda-B1 | Amu-B1 | Pru-E2,mix ,mix ,35.5,1,5,9:51,6.89,10:26,7.8,10:48,7.78,11:19,7.09,1.00036,9:57,6.88,10:33,6.9,10:56,6.91,11:27,6.73
8/2/2019,9,Pda-D1 | Amu-A1 | Pru-A1,mix ,mix ,35.5,1,6,9:53,6.89,10:27,7.68,10:50,7.49,11:20,6.93,1.00036,9:57,6.88,10:33,6.9,10:56,6.91,11:27,6.73
8/2/2019,9,Spi-A1 | Acy-B1 | Plo-B1,mix ,mix ,35.5,1,7,9:54,6.88,10:29,7.77,10:51,7.4,11:22,6.7,1.00036,9:57,6.88,10:33,6.9,10:56,6.91,11:27,6.73
8/2/2019,9,Spi-B1 | Acy-D1 | Plo-C1,mix ,mix ,35.5,1,8,9:55,6.88,10:30,7.71,10:52,7.37,11:24,6.62,1.00036,9:57,6.88,10:33,6.9,10:56,6.91,11:27,6.73
8/2/2019,9,Spi-D1 | Acy-A1 | Plo-D1,mix ,mix ,35.5,1,9,9:56,6.87,10:32,7.7,10:53,7.38,11:26,6.61,1.00036,9:57,6.88,10:33,6.9,10:56,6.91,11:27,6.73
8/2/2019,9,Pve-F3 | Mdi-C3 | Pcy-B2,mix ,mix ,35.5,2,1,11:57,7,12:27,7.99,12:53,8.59,13:23,7.52,1.00036,12:06,7,12:45,7.04,13:13,6.99,13:41,6.85
8/2/2019,9,Pve-A2 | Mdi-A3 | Pcy-C3,mix ,mix ,35.5,2,2,11:58,7.01,12:32,8.11,12:57,8.58,13:26,7.5,1.00036,12:06,7,12:45,7.04,13:13,6.99,13:41,6.85
8/2/2019,9,Pve-B3 | Mdi-D3 | Pcy-A2,mix ,mix ,35.5,2,3,11:59,7.03,12:35,8.18,12:58,8.41,13:28,7.47,1.00036,12:06,7,12:45,7.04,13:13,6.99,13:41,6.85
8/2/2019,9,Pda-A2 | Amu-D2 | Pru-D3,mix ,mix ,35.5,2,4,12:00,7.03,12:36,7.96,13:03,7.56,13:29,7.37,1.00036,12:06,7,12:45,7.04,13:13,6.99,13:41,6.85
8/2/2019,9,Pda-B2 | Amu-B2 | Pru-E3,mix ,mix ,35.5,2,5,12:01,7.02,12:38,8.1,13:05,8,13:30,7.43,1.00036,12:06,7,12:45,7.04,13:13,6.99,13:41,6.85
8/2/2019,9,Pda-D2 | Amu-A2 | Pru-A3,mix ,mix ,35.5,2,6,12:04,7.02,12:40,8.04,13:07,7.62,13:32,7.23,1.00036,12:06,7,12:45,7.04,13:13,6.99,13:41,6.85
8/2/2019,9,Spi-A2 | Acy-B3 | Plo-B2,mix ,mix ,35.5,2,7,12:05,7,12:41,8,13:08,7.66,13:34,7.15,1.00036,12:06,7,12:45,7.04,13:13,6.99,13:41,6.85
8/2/2019,9,Spi-B2 | Acy-D2 | Plo-C2,mix ,mix ,35.5,2,8,12:05,6.98,12:42,8.02,13:09,7.67,13:35,6.86,1.00036,12:06,7,12:45,7.04,13:13,6.99,13:41,6.85
8/2/2019,9,Spi-D2 | Acy-A2 | Plo-D2,mix ,mix ,35.5,2,9,12:06,6.98,12:43,8.08,13:11,7.66,13:39,6.85,1.00036,12:06,7,12:45,7.04,13:13,6.99,13:41,6.85
8/2/2019,9,Pve-F4 | Mdi-C4 | Pcy-B4,mix ,mix ,35.5,3,1,14:47,7.04,15:17,7.8,15:39,8.16,16:09,7.12,1.00036,14:57,7.03,15:31,7.1,15:54,7.04,16:25,6.85
8/2/2019,9,Pve-A4 | Mdi-A4 | Pcy-C4,mix ,mix ,35.5,3,2,14:49,7.03,15:21,8,15:40,8.2,16:12,7.28,1.00036,14:57,7.03,15:31,7.1,15:54,7.04,16:25,6.85
8/2/2019,9,Pve-B4 | Mdi-D4 | Pcy-A4,mix ,mix ,35.5,3,3,14:50,7.02,15:23,8.14,15:41,8.22,16:14,7.2,1.00036,14:57,7.03,15:31,7.1,15:54,7.04,16:25,6.85
8/2/2019,9,Pda-A4 | Amu-D3 | Pru-D4,mix ,mix ,35.5,3,4,14:51,7.04,15:24,7.96,15:43,7.94,16:15,7.16,1.00036,14:57,7.03,15:31,7.1,15:54,7.04,16:25,6.85
8/2/2019,9,Pda-B4 | Amu-B4 | Pru-E4,mix ,mix ,35.5,3,5,14:52,7.03,15:26,7.85,15:44,7.86,16:17,7.1,1.00036,14:57,7.03,15:31,7.1,15:54,7.04,16:25,6.85
8/2/2019,9,Pda-D4 | Amu-A3 | Pru-A4,mix ,mix ,35.5,3,6,14:53,7.01,15:27,7.83,15:45,7.71,16:19,6.86,1.00036,14:57,7.03,15:31,7.1,15:54,7.04,16:25,6.85
8/2/2019,9,Spi-A4 | Acy-B4 | Plo-B3,mix ,mix ,35.5,3,7,14:55,7.02,15:28,7.88,15:47,7.76,16:21,6.77,1.00036,14:57,7.03,15:31,7.1,15:54,7.04,16:25,6.85
8/2/2019,9,Spi-B3 | Acy-D3 | Plo-C3,mix ,mix ,35.5,3,8,14:56,7.02,15:29,7.84,15:49,7.6,16:23,6.73,1.00036,14:57,7.03,15:31,7.1,15:54,7.04,16:25,6.85
8/2/2019,9,Spi-D4 | Acy-A3 | Plo-D3,mix ,mix ,35.5,3,9,14:57,7.03,15:30,7.85,15:50,7.59,16:24,6.78,1.00036,14:57,7.03,15:31,7.1,15:54,7.04,16:25,6.85
8/3/2019,10,Pve-F3,Pocillopora,Pocilloporidae,35.6,1,1,10:06,7.02,10:36,7.43,11:00,7.63,11:30,7.07,1.00036,10:13,6.97,10:51,7,11:14,6.92,11:43,6.86
8/3/2019,10,Pve-A2,Pocillopora,Pocilloporidae,35.6,1,2,10:07,7,10:40,7.43,11:01,7.58,11:32,7.11,1.00036,10:13,6.97,10:51,7,11:14,6.92,11:43,6.86
8/3/2019,10,Pve-B3,Pocillopora,Pocilloporidae,35.6,1,3,10:08,7.01,10:41,7.46,11:03,7.51,11:34,7.04,1.00036,10:13,6.97,10:51,7,11:14,6.92,11:43,6.86
8/3/2019,10,Amu-D2,Acropora,Acroporidae,35.6,1,4,10:08,7.01,10:42,7.3,11:06,7.22,11:35,7,1.00036,10:13,6.97,10:51,7,11:14,6.92,11:43,6.86
8/3/2019,10,Amu-B2,Acropora,Acroporidae,35.6,1,5,10:09,6.99,10:44,7.17,11:07,7.13,11:36,6.96,1.00036,10:13,6.97,10:51,7,11:14,6.92,11:43,6.86
8/3/2019,10,Amu-A2,Acropora,Acroporidae,35.6,1,6,10:10,6.99,10:45,7.19,11:09,7.13,11:37,6.96,1.00036,10:13,6.97,10:51,7,11:14,6.92,11:43,6.86
8/3/2019,10,Plo-B2,Porites,Poritidae,35.6,1,7,10:11,6.98,10:47,7.17,11:10,7.12,11:39,6.93,1.00036,10:13,6.97,10:51,7,11:14,6.92,11:43,6.86
8/3/2019,10,Plo-C2,Porites,Poritidae,35.6,1,8,10:12,6.97,10:48,7.2,11:11,7.07,11:40,6.9,1.00036,10:13,6.97,10:51,7,11:14,6.92,11:43,6.86
8/3/2019,10,Plo-D2,Porites,Poritidae,35.6,1,9,10:12,6.97,10:49,7.17,11:13,7.03,11:42,6.89,1.00036,10:13,6.97,10:51,7,11:14,6.92,11:43,6.86
8/3/2019,10,Pve-F4,Pocillopora,Pocilloporidae,35.6,2,1,12:04,7.02,12:34,7.47,12:53,7.68,13:23,7.06,1.00036,12:12,7.07,12:47,7.06,13:07,7,13:38,6.92
8/3/2019,10,Pve-A4,Pocillopora,Pocilloporidae,35.6,2,2,12:05,7.06,12:37,7.5,12:56,7.6,13:25,7.09,1.00036,12:12,7.07,12:47,7.06,13:07,7,13:38,6.92
8/3/2019,10,Pve-B4,Pocillopora,Pocilloporidae,35.6,2,3,12:06,7.11,12:38,7.45,12:58,7.59,13:27,7.05,1.00036,12:12,7.07,12:47,7.06,13:07,7,13:38,6.92
8/3/2019,10,Amu-D3,Acropora,Acroporidae,35.6,2,4,12:07,7.11,12:39,7.33,13:00,7.02,13:30,6.98,1.00036,12:12,7.07,12:47,7.06,13:07,7,13:38,6.92
8/3/2019,10,Amu-B4,Acropora,Acroporidae,35.6,2,5,12:08,7.1,12:41,7.25,13:01,7.06,13:31,7.01,1.00036,12:12,7.07,12:47,7.06,13:07,7,13:38,6.92
8/3/2019,10,Amu-A3,Acropora,Acroporidae,35.6,2,6,12:09,7.09,12:42,7.31,13:02,7.19,13:32,6.92,1.00036,12:12,7.07,12:47,7.06,13:07,7,13:38,6.92
8/3/2019,10,Plo-B3,Porites,Poritidae,35.6,2,7,12:10,7.09,12:43,7.23,13:04,7.13,13:34,6.92,1.00036,12:12,7.07,12:47,7.06,13:07,7,13:38,6.92
8/3/2019,10,Plo-C3,Porites,Poritidae,35.6,2,8,12:11,7.08,12:45,7.18,13:05,7.08,13:35,6.91,1.00036,12:12,7.07,12:47,7.06,13:07,7,13:38,6.92
8/3/2019,10,Plo-D3,Porites,Poritidae,35.6,2,9,12:11,7.07,12:46,7.16,13:06,7.01,13:37,6.92,1.00036,12:12,7.07,12:47,7.06,13:07,7,13:38,6.92
8/3/2019,10,Pve-F1,Pocillopora,Pocilloporidae,35.6,3,1,14:07,7.09,14:37,7.51,15:01,7.73,15:31,7.33,1.00036,14:14,7.09,14:54,7.19,15:14,7.09,15:45,7.01
8/3/2019,10,Pve-A1,Pocillopora,Pocilloporidae,35.6,3,2,14:08,7.08,14:40,7.63,15:02,7.77,15:34,7.28,1.00036,14:14,7.09,14:54,7.19,15:14,7.09,15:45,7.01
8/3/2019,10,Pve-B1,Pocillopora,Pocilloporidae,35.6,3,3,14:09,7.07,14:41,7.75,15:03,7.79,15:36,7.21,1.00036,14:14,7.09,14:54,7.19,15:14,7.09,15:45,7.01
8/3/2019,10,Amu-D1,Acropora,Acroporidae,35.6,3,4,14:10,7.09,14:43,7.52,15:06,7.4,15:37,7.14,1.00036,14:14,7.09,14:54,7.19,15:14,7.09,15:45,7.01
8/3/2019,10,Amu-B1,Acropora,Acroporidae,35.6,3,5,14:11,7.1,14:45,7.35,15:08,7.3,15:38,7.11,1.00036,14:14,7.09,14:54,7.19,15:14,7.09,15:45,7.01
8/3/2019,10,Amu-A1,Acropora,Acroporidae,35.6,3,6,14:11,7.09,14:47,7.35,15:09,7.26,15:40,7.11,1.00036,14:14,7.09,14:54,7.19,15:14,7.09,15:45,7.01
8/3/2019,10,Plo-B1,Porites,Poritidae,35.6,3,7,14:12,7.09,14:48,7.4,15:10,7.26,15:41,7.04,1.00036,14:14,7.09,14:54,7.19,15:14,7.09,15:45,7.01
8/3/2019,10,Plo-C1,Porites,Poritidae,35.6,3,8,14:13,7.09,14:51,7.44,15:12,7.28,15:43,7,1.00036,14:14,7.09,14:54,7.19,15:14,7.09,15:45,7.01
8/3/2019,10,Plo-D1,Porites,Poritidae,35.6,3,9,14:14,7.1,14:52,7.38,15:13,7.26,15:44,7.02,1.00036,14:14,7.09,14:54,7.19,15:14,7.09,15:45,7.01
8/5/2019,11,Pda-A2,Pocillopora,Pocilloporidae,35.5,1,1,9:40,7,10:10,7.25,10:31,7.4,11:01,6.97,1.00036,9:48,6.97,10:24,7.02,10:46,6.93,11:16,6.86
8/5/2019,11,Pda-B2,Pocillopora,Pocilloporidae,35.5,1,2,9:41,7.01,10:13,7.45,10:34,7.8,11:04,7.22,1.00036,9:48,6.97,10:24,7.02,10:46,6.93,11:16,6.86
8/5/2019,11,Pda-D2,Pocillopora,Pocilloporidae,35.5,1,3,9:42,7.01,10:15,7.39,10:36,7.33,11:06,6.92,1.00036,9:48,6.97,10:24,7.02,10:46,6.93,11:16,6.86
8/5/2019,11,Acy-B3,Acropora,Acroporidae,35.5,1,4,9:43,7.02,10:16,7.22,10:37,7.16,11:09,6.88,1.00036,9:48,6.97,10:24,7.02,10:46,6.93,11:16,6.86
8/5/2019,11,Acy-D2,Acropora,Acroporidae,35.5,1,5,9:44,7.01,10:18,7.17,10:39,7.08,11:10,6.92,1.00036,9:48,6.97,10:24,7.02,10:46,6.93,11:16,6.86
8/5/2019,11,Acy-A2,Acropora,Acroporidae,35.5,1,6,9:45,6.98,10:19,7.15,10:40,7.08,11:11,6.89,1.00036,9:48,6.97,10:24,7.02,10:46,6.93,11:16,6.86
8/5/2019,11,Pcy-B2,Porites,Poritidae,35.5,1,7,9:46,6.99,10:20,7.19,10:42,7.07,11:12,6.85,1.00036,9:48,6.97,10:24,7.02,10:46,6.93,11:16,6.86
8/5/2019,11,Pcy-C3,Porites,Poritidae,35.5,1,8,9:47,6.98,10:21,7.19,10:43,7.06,11:14,6.83,1.00036,9:48,6.97,10:24,7.02,10:46,6.93,11:16,6.86
8/5/2019,11,Pcy-A2,Porites,Poritidae,35.5,1,9,9:47,6.97,10:23,7.16,10:45,6.97,11:15,6.76,1.00036,9:48,6.97,10:24,7.02,10:46,6.93,11:16,6.86
8/5/2019,11,Pda-A4,Pocillopora,Pocilloporidae,35.5,2,1,11:41,7.02,12:11,7.21,12:30,7.15,13:00,6.97,1.00036,11:49,7.08,12:23,7.12,12:42,6.96,13:16,6.9
8/5/2019,11,Pda-B4,Pocillopora,Pocilloporidae,35.5,2,2,11:42,7.08,12:13,7.56,12:32,7.39,13:03,7.17,1.00036,11:49,7.08,12:23,7.12,12:42,6.96,13:16,6.9
8/5/2019,11,Pda-D4,Pocillopora,Pocilloporidae,35.5,2,3,11:43,7.11,12:15,7.53,12:33,7.27,13:05,6.97,1.00036,11:49,7.08,12:23,7.12,12:42,6.96,13:16,6.9
8/5/2019,11,Acy-B4,Acropora,Acroporidae,35.5,2,4,11:44,7.11,12:16,7.38,12:34,7.17,13:07,6.95,1.00036,11:49,7.08,12:23,7.12,12:42,6.96,13:16,6.9
8/5/2019,11,Acy-D3,Acropora,Acroporidae,35.5,2,5,11:45,7.1,12:18,7.26,12:35,7.15,13:09,6.97,1.00036,11:49,7.08,12:23,7.12,12:42,6.96,13:16,6.9
8/5/2019,11,Acy-A3,Acropora,Acroporidae,35.5,2,6,11:45,7.1,12:19,7.27,12:37,7.19,13:10,6.75,1.00036,11:49,7.08,12:23,7.12,12:42,6.96,13:16,6.9
8/5/2019,11,Pcy-B4,Porites,Poritidae,35.5,2,7,11:46,7.1,12:20,7.24,12:38,7.09,13:11,6.92,1.00036,11:49,7.08,12:23,7.12,12:42,6.96,13:16,6.9
8/5/2019,11,Pcy-C4,Porites,Poritidae,35.5,2,8,11:47,7.08,12:21,7.23,12:39,7.05,13:13,6.91,1.00036,11:49,7.08,12:23,7.12,12:42,6.96,13:16,6.9
8/5/2019,11,Pcy-A4,Porites,Poritidae,35.5,2,9,11:48,7.07,12:22,7.21,12:41,7.01,13:14,6.85,1.00036,11:49,7.08,12:23,7.12,12:42,6.96,13:16,6.9
8/5/2019,11,Pda-A1,Pocillopora,Pocilloporidae,35.5,3,1,13:37,7.01,14:07,7.44,14:29,7.41,14:59,7.16,1.00036,13:45,7.09,14:23,7.1,14:41,7.04,15:12,6.92
8/5/2019,11,Pda-B1,Pocillopora,Pocilloporidae,35.5,3,2,13:38,7.07,14:11,7.77,14:30,7.68,15:02,7.22,1.00036,13:45,7.09,14:23,7.1,14:41,7.04,15:12,6.92
8/5/2019,11,Pda-D1,Pocillopora,Pocilloporidae,35.5,3,3,13:39,7.09,14:13,7.56,14:32,7.46,15:03,7.14,1.00036,13:45,7.09,14:23,7.1,14:41,7.04,15:12,6.92
8/5/2019,11,Acy-B1,Acropora,Acroporidae,35.5,3,4,13:40,7.1,14:15,7.36,14:33,7.26,15:04,7.03,1.00036,13:45,7.09,14:23,7.1,14:41,7.04,15:12,6.92
8/5/2019,11,Acy-D1,Acropora,Acroporidae,35.5,3,5,13:40,7.1,14:16,7.86,14:35,7.2,15:06,6.99,1.00036,13:45,7.09,14:23,7.1,14:41,7.04,15:12,6.92
8/5/2019,11,Acy-A1,Acropora,Acroporidae,35.5,3,6,13:41,7.09,14:17,7.25,14:36,7.16,15:07,6.96,1.00036,13:45,7.09,14:23,7.1,14:41,7.04,15:12,6.92
8/5/2019,11,Pcy-B1,Porites,Poritidae,35.5,3,7,13:42,7.09,14:19,7.26,14:38,7.13,15:08,6.94,1.00036,13:45,7.09,14:23,7.1,14:41,7.04,15:12,6.92
8/5/2019,11,Pcy-C1,Porites,Poritidae,35.5,3,8,13:43,7.09,14:20,7.29,14:39,7.17,15:10,6.95,1.00036,13:45,7.09,14:23,7.1,14:41,7.04,15:12,6.92
8/5/2019,11,Pcy-A1,Porites,Poritidae,35.5,3,9,13:44,7.08,14:21,7.17,14:40,7.11,15:11,6.9,1.00036,13:45,7.09,14:23,7.1,14:41,7.04,15:12,6.92
8/6/2019,12,Spi-A2,Stylophora,Pocilloporidae,35.6,1,1,9:57,7.06,10:29,7.19,10:46,7.4,11:16,6.83,1.00036,10:04,6.92,10:42,6.94,10:58,6.93,11:28,6.82
8/6/2019,12,Spi-B2,Stylophora,Pocilloporidae,35.6,1,2,9:58,6.95,10:31,7.41,10:47,7.41,11:18,6.91,1.00036,10:04,6.92,10:42,6.94,10:58,6.93,11:28,6.82
8/6/2019,12,Spi-D2,Stylophora,Pocilloporidae,35.6,1,3,9:59,7,10:32,7.43,10:48,7.48,11:19,6.99,1.00036,10:04,6.92,10:42,6.94,10:58,6.93,11:28,6.82
8/6/2019,12,Mdi-C3,Montipora,Acroporidae,35.6,1,4,9:59,6.98,10:34,7.52,10:50,7.83,11:21,7.04,1.00036,10:04,6.92,10:42,6.94,10:58,6.93,11:28,6.82
8/6/2019,12,Mdi-A3,Montipora,Acroporidae,35.6,1,5,10:00,6.95,10:35,7.59,10:52,7.53,11:22,7.1,1.00036,10:04,6.92,10:42,6.94,10:58,6.93,11:28,6.82
8/6/2019,12,Mdi-D3,Montipora,Acroporidae,35.6,1,6,10:01,6.91,10:38,7.49,10:54,7.33,11:24,7.01,1.00036,10:04,6.92,10:42,6.94,10:58,6.93,11:28,6.82
8/6/2019,12,Pru-D3,Porites,Poritidae,35.6,1,7,10:02,6.93,10:39,7.27,10:55,7.07,11:25,6.92,1.00036,10:04,6.92,10:42,6.94,10:58,6.93,11:28,6.82
8/6/2019,12,Pru-E3,Porites,Poritidae,35.6,1,8,10:03,6.93,10:40,7.14,10:56,6.98,11:26,6.89,1.00036,10:04,6.92,10:42,6.94,10:58,6.93,11:28,6.82
8/6/2019,12,Pru-A3,Porites,Poritidae,35.6,1,9,10:03,6.93,10:41,7.1,10:57,7.04,11:27,6.84,1.00036,10:04,6.92,10:42,6.94,10:58,6.93,11:28,6.82
8/6/2019,12,Spi-A4,Stylophora,Pocilloporidae,35.6,2,1,11:53,7.12,12:23,7.66,12:44,7.8,13:14,7.02,1.00036,12:01,7.08,12:37,7.07,12:56,7.02,13:27,6.9
8/6/2019,12,Spi-B3,Stylophora,Pocilloporidae,35.6,2,2,11:54,7.1,12:26,7.62,12:46,7.62,13:15,7.06,1.00036,12:01,7.08,12:37,7.07,12:56,7.02,13:27,6.9
8/6/2019,12,Spi-D4,Stylophora,Pocilloporidae,35.6,2,3,11:55,7.14,12:27,7.74,12:47,7.65,13:17,7.09,1.00036,12:01,7.08,12:37,7.07,12:56,7.02,13:27,6.9
8/6/2019,12,Mdi-C4,Montipora,Acroporidae,35.6,2,4,11:56,7.13,12:29,7.63,12:48,7.41,13:18,7.02,1.00036,12:01,7.08,12:37,7.07,12:56,7.02,13:27,6.9
8/6/2019,12,Mdi-A4,Montipora,Acroporidae,35.6,2,5,11:56,7.05,12:30,7.63,12:49,7.42,13:20,6.93,1.00036,12:01,7.08,12:37,7.07,12:56,7.02,13:27,6.9
8/6/2019,12,Mdi-D4,Montipora,Acroporidae,35.6,2,6,11:57,6.99,12:31,7.85,12:52,7.58,13:21,6.99,1.00036,12:01,7.08,12:37,7.07,12:56,7.02,13:27,6.9
8/6/2019,12,Pru-D4,Porites,Poritidae,35.6,2,7,11:58,7.02,12:33,7.47,12:53,7.23,13:22,6.89,1.00036,12:01,7.08,12:37,7.07,12:56,7.02,13:27,6.9
8/6/2019,12,Pru-E4,Porites,Poritidae,35.6,2,8,12:00,7.04,12:34,7.24,12:54,7.16,13:24,6.84,1.00036,12:01,7.08,12:37,7.07,12:56,7.02,13:27,6.9
8/6/2019,12,Pru-A4,Porites,Poritidae,35.6,2,9,12:01,7.05,12:35,7.27,12:55,7.12,13:25,6.86,1.00036,12:01,7.08,12:37,7.07,12:56,7.02,13:27,6.9
8/6/2019,12,Spi-A1,Stylophora,Pocilloporidae,35.6,3,1,13:53,7.06,14:23,7.6,14:43,7.76,15:13,7.2,1.00036,14:01,7.16,14:37,7.23,14:55,7.15,15:25,7.06
8/6/2019,12,Spi-B1,Stylophora,Pocilloporidae,35.6,3,2,13:54,7.16,14:26,8.02,14:45,8.14,15:15,7.5,1.00036,14:01,7.16,14:37,7.23,14:55,7.15,15:25,7.06
8/6/2019,12,Spi-D1,Stylophora,Pocilloporidae,35.6,3,3,13:55,7.17,14:28,8.07,14:46,8.04,15:17,7.43,1.00036,14:01,7.16,14:37,7.23,14:55,7.15,15:25,7.06
8/6/2019,12,Mdi-C1,Montipora,Acroporidae,35.6,3,4,13:56,7.18,14:29,7.92,14:47,7.71,15:18,7.35,1.00036,14:01,7.16,14:37,7.23,14:55,7.15,15:25,7.06
8/6/2019,12,Mdi-A1,Montipora,Acroporidae,35.6,3,5,13:57,7.15,14:30,7.86,14:48,7.51,15:19,7.32,1.00036,14:01,7.16,14:37,7.23,14:55,7.15,15:25,7.06
8/6/2019,12,Mdi-D1,Montipora,Acroporidae,35.6,3,6,13:58,7.16,14:31,7.92,14:50,7.53,15:21,7.3,1.00036,14:01,7.16,14:37,7.23,14:55,7.15,15:25,7.06
8/6/2019,12,Pru-D1,Porites,Poritidae,35.6,3,7,13:59,7.13,14:32,7.52,14:51,7.31,15:22,7.22,1.00036,14:01,7.16,14:37,7.23,14:55,7.15,15:25,7.06
8/6/2019,12,Pru-E2,Porites,Poritidae,35.6,3,8,14:00,7.15,14:34,7.43,14:52,7.23,15:23,7.1,1.00036,14:01,7.16,14:37,7.23,14:55,7.15,15:25,7.06
8/6/2019,12,Pru-A1,Porites,Poritidae,35.6,3,9,14:01,7.14,14:35,7.47,14:54,7.21,15:24,7.06,1.00036,14:01,7.16,14:37,7.23,14:55,7.15,15:25,7.06
8/7/2019,13,Pve-F1 | Mdi-C1 | Pru-D1,mix ,mix ,35.6,1,1,9:48,7.02,10:18,7.81,10:38,8.36,11:08,7.47,1.00036,10:02,6.96,10:32,7.07,10:50,6.99,11:20,6.85
8/7/2019,13,Pve-A1 | Mdi-A1 | Pru-E2,mix ,mix ,35.6,1,2,9:49,7.01,10:20,7.91,10:39,8.34,11:10,7.46,1.00036,10:02,6.96,10:32,7.07,10:50,6.99,11:20,6.85
8/7/2019,13,Pve-B1 | Mdi-D1 | Pru-A1,mix ,mix ,35.6,1,3,9:50,7,10:21,8.17,10:41,8.2,11:11,7.44,1.00036,10:02,6.96,10:32,7.07,10:50,6.99,11:20,6.85
8/7/2019,13,Pda-A1 | Amu-D1 | Plo-B1,mix ,mix ,35.6,1,4,9:54,7.01,10:24,8.01,10:43,7.84,11:12,7.23,1.00036,10:02,6.96,10:32,7.07,10:50,6.99,11:20,6.85
8/7/2019,13,Pda-B1 | Amu-B1 | Plo-C1,mix ,mix ,35.6,1,5,9:56,6.99,10:25,7.94,10:44,7.92,11:13,7.25,1.00036,10:02,6.96,10:32,7.07,10:50,6.99,11:20,6.85
8/7/2019,13,Pda-D1 | Amu-A1 | Plo-D1,mix ,mix ,35.6,1,6,9:58,6.98,10:26,7.66,10:46,7.44,11:15,7.05,1.00036,10:02,6.96,10:32,7.07,10:50,6.99,11:20,6.85
8/7/2019,13,Spi-A1 | Acy-B1 | Pcy-B1,mix ,mix ,35.6,1,7,9:59,6.97,10:28,7.55,10:47,7.36,11:16,6.87,1.00036,10:02,6.96,10:32,7.07,10:50,6.99,11:20,6.85
8/7/2019,13,Spi-B1 | Acy-D1 | Pcy-C1,mix ,mix ,35.6,1,8,10:01,6.95,10:30,7.7,10:48,7.44,11:18,6.81,1.00036,10:02,6.96,10:32,7.07,10:50,6.99,11:20,6.85
8/7/2019,13,Spi-D1 | Acy-A1 | Pcy-A1,mix ,mix ,35.6,1,9,10:02,6.96,10:31,7.63,10:49,7.42,11:19,6.75,1.00036,10:02,6.96,10:32,7.07,10:50,6.99,11:20,6.85
8/7/2019,13,Pve-F3 | Mdi-C3 | Pru-D3,mix ,mix ,35.6,2,1,11:42,7.1,12:12,8.07,12:30,8.44,13:00,7.47,1.00036,11:55,7.18,12:24,7.23,12:39,7.2,13:11,7.1
8/7/2019,13,Pve-A2 | Mdi-A3 | Pru-E3,mix ,mix ,35.6,2,2,11:43,7.15,12:15,8.24,12:31,8.49,13:03,7.54,1.00036,11:55,7.18,12:24,7.23,12:39,7.2,13:11,7.1
8/7/2019,13,Pve-B3 | Mdi-D3 | Pru-A3,mix ,mix ,35.6,2,3,11:47,7.19,12:16,8.3,12:32,8.45,13:04,7.48,1.00036,11:55,7.18,12:24,7.23,12:39,7.2,13:11,7.1
8/7/2019,13,Pda-A2 | Amu-D2 | Plo-B2,mix ,mix ,35.6,2,4,11:47,7.19,12:17,8.14,12:33,8.14,13:05,7.33,1.00036,11:55,7.18,12:24,7.23,12:39,7.2,13:11,7.1
8/7/2019,13,Pda-B2 | Amu-B2 | Plo-C2,mix ,mix ,35.6,2,5,11:49,7.2,12:19,8.09,12:34,8.04,13:06,7.3,1.00036,11:55,7.18,12:24,7.23,12:39,7.2,13:11,7.1
8/7/2019,13,Pda-D2 | Amu-A2 | Plo-D2,mix ,mix ,35.6,2,6,11:51,7.15,12:20,7.94,12:35,7.55,13:07,6.97,1.00036,11:55,7.18,12:24,7.23,12:39,7.2,13:11,7.1
8/7/2019,13,Spi-A2 | Acy-B3 | Pcy-B2,mix ,mix ,35.6,2,7,11:52,7.19,12:21,7.88,12:36,7.66,13:08,6.89,1.00036,11:55,7.18,12:24,7.23,12:39,7.2,13:11,7.1
8/7/2019,13,Spi-B2 | Acy-D2 | Pcy-C3,mix ,mix ,35.6,2,8,11:53,7.16,12:22,7.42,12:37,7.68,13:09,6.83,1.00036,11:55,7.18,12:24,7.23,12:39,7.2,13:11,7.1
8/7/2019,13,Spi-D2 | Acy-A2 | Pcy-A2,mix ,mix ,35.6,2,9,11:54,7.18,12:23,7.9,12:38,7.63,13:10,6.78,1.00036,11:55,7.18,12:24,7.23,12:39,7.2,13:11,7.1
8/7/2019,13,Pve-F4 | Mdi-C4 | Pru-D4,mix ,mix ,35.6,3,1,13:37,7.07,14:07,8.05,14:28,8.47,14:58,7.46,1.00036,13:51,7.18,14:21,7.26,14:38,7.18,15:10,7.08
8/7/2019,13,Pve-A4 | Mdi-A4 | Pru-E4,mix ,mix ,35.6,3,2,13:38,7.18,14:10,8.33,14:29,8.43,15:01,7.4,1.00036,13:51,7.18,14:21,7.26,14:38,7.18,15:10,7.08
8/7/2019,13,Pve-B4 | Mdi-D4 | Pru-A4,mix ,mix ,35.6,3,3,13:40,7.2,14:12,8.32,14:30,8.33,15:02,7.35,1.00036,13:51,7.18,14:21,7.26,14:38,7.18,15:10,7.08
8/7/2019,13,Pda-A4 | Amu-D3 | Plo-B3,mix ,mix ,35.6,3,4,13:43,7.22,14:13,8.09,14:32,8,15:03,7.26,1.00036,13:51,7.18,14:21,7.26,14:38,7.18,15:10,7.08
8/7/2019,13,Pda-B4 | Amu-B4 | Plo-C3,mix ,mix ,35.6,3,5,13:45,7.22,14:15,7.93,14:32,7.81,15:04,7.15,1.00036,13:51,7.18,14:21,7.26,14:38,7.18,15:10,7.08
8/7/2019,13,Pda-D4 | Amu-A3 | Plo-D3,mix ,mix ,35.6,3,6,13:47,7.22,14:16,7.89,14:34,7.61,15:05,6.78,1.00036,13:51,7.18,14:21,7.26,14:38,7.18,15:10,7.08
8/7/2019,13,Spi-A4 | Acy-B4 | Pcy-B4,mix ,mix ,35.6,3,7,13:48,7.21,14:18,7.84,14:35,7.52,15:07,6.63,1.00036,13:51,7.18,14:21,7.26,14:38,7.18,15:10,7.08
8/7/2019,13,Spi-B3 | Acy-D3 | Pcy-C4,mix ,mix ,35.6,3,8,13:49,7.18,14:19,7.79,14:35,7.43,15:09,6.67,1.00036,13:51,7.18,14:21,7.26,14:38,7.18,15:10,7.08
8/7/2019,13,Spi-D4 | Acy-A3 | Pcy-A4,mix ,mix ,35.6,3,9,13:50,7.19,14:20,7.82,14:36,7.48,15:09,6.71,1.00036,13:51,7.18,14:21,7.26,14:38,7.18,15:10,7.08
8/8/2019,14,Pve-F1 | Pve-A2 | Pve-B4,mix ,Pocilloporidae,35.6,1,1,9:34,7.01,10:04,8.1,10:28,8.81,10:58,7.3,1.00036,9:44,6.98,10:21,7.04,10:39,7.05,11:08,6.91
8/8/2019,14,Pda-A1 | Pda-B2 | Pda-D4,mix ,Pocilloporidae,35.6,1,2,9:35,7,10:07,8.23,10:29,8.61,11:00,7.38,1.00036,9:44,6.98,10:21,7.04,10:39,7.05,11:08,6.91
8/8/2019,14,Spi-A1 | Spi-B2 | Spi-D4,mix ,Pocilloporidae,35.6,1,3,9:36,7.01,10:09,8.5,10:30,8.62,11:01,7.25,1.00036,9:44,6.98,10:21,7.04,10:39,7.05,11:08,6.91
8/8/2019,14,Amu-D1 | Amu-B2 | Amu-A3,mix ,Acroporidae,35.6,1,4,9:38,7.01,10:10,8.16,10:32,7.92,11:02,7.21,1.00036,9:44,6.98,10:21,7.04,10:39,7.05,11:08,6.91
8/8/2019,14,Acy-B1 | Acy-D2 | Acy-A3,mix ,Acroporidae,35.6,1,5,9:39,7,10:12,7.75,10:33,7.65,11:03,7.14,1.00036,9:44,6.98,10:21,7.04,10:39,7.05,11:08,6.91
8/8/2019,14,Mdi-C1 | Mdi-A3 | Mdi-D4,mix ,Acroporidae,35.6,1,6,9:40,7,10:14,8.25,10:35,7.75,11:04,7.07,1.00036,9:44,6.98,10:21,7.04,10:39,7.05,11:08,6.91
8/8/2019,14,Plo-B1 | Plo-C2 | Plo-D3,mix ,Poritidae,35.6,1,7,9:42,7.01,10:16,7.9,10:36,7.6,11:05,6.94,1.00036,9:44,6.98,10:21,7.04,10:39,7.05,11:08,6.91
8/8/2019,14,Pcy-B1 | Pcy-C3 | Pcy-A4,mix ,Poritidae,35.6,1,8,9:43,7,10:18,7.67,10:37,7.37,11:06,6.86,1.00036,9:44,6.98,10:21,7.04,10:39,7.05,11:08,6.91
8/8/2019,14,Pru-D1 | Pru-E3 | Pru-A4,mix ,Poritidae,35.6,1,9,9:44,6.99,10:20,7.58,10:38,7.32,11:07,6.88,1.00036,9:44,6.98,10:21,7.04,10:39,7.05,11:08,6.91
8/8/2019,14,Pve-F3 | Pve-A4 | Pve-B1,mix ,Pocilloporidae,35.6,2,1,11:34,7.11,12:04,8.09,12:25,8.59,12:56,7.26,1.00036,11:44,7.11,12:19,7.14,12:37,7.1,13:06,7
8/8/2019,14,Pda-A2 | Pda-B4 | Pda-D1,mix ,Pocilloporidae,35.6,2,2,11:35,7.14,12:06,8.28,12:26,8.4,12:58,7.25,1.00036,11:44,7.11,12:19,7.14,12:37,7.1,13:06,7
8/8/2019,14,Spi-A2 | Spi-B3 | Spi-D1,mix ,Pocilloporidae,35.6,2,3,11:37,7.15,12:07,8.35,12:27,8.43,12:59,7.29,1.00036,11:44,7.11,12:19,7.14,12:37,7.1,13:06,7
8/8/2019,14,Amu-D2 | Amu-B4 | Amu-A1,mix ,Acroporidae,35.6,2,4,11:38,7.14,12:09,7.98,12:29,8,13:00,7.3,1.00036,11:44,7.11,12:19,7.14,12:37,7.1,13:06,7
8/8/2019,14,Acy-B3 | Acy-D3 | Acy-A1,mix ,Acroporidae,35.6,2,5,11:39,7.13,12:11,7.72,12:30,7.73,13:01,7.23,1.00036,11:44,7.11,12:19,7.14,12:37,7.1,13:06,7
8/8/2019,14,Mdi-C3 | Mdi-A4 | Mdi-D1,mix ,Acroporidae,35.6,2,6,11:40,7.15,12:12,8.27,12:32,8.13,13:02,7.29,1.00036,11:44,7.11,12:19,7.14,12:37,7.1,13:06,7
8/8/2019,14,Plo-B2 | Plo-C3 | Plo-D1,mix ,Poritidae,35.6,2,7,11:42,7.13,12:15,7.9,12:34,7.79,13:03,7.19,1.00036,11:44,7.11,12:19,7.14,12:37,7.1,13:06,7
8/8/2019,14,Pcy-B2 | Pcy-C4 | Pcy-A1,mix ,Poritidae,35.6,2,8,11:43,7.12,12:17,7.68,12:35,7.44,13:04,7.04,1.00036,11:44,7.11,12:19,7.14,12:37,7.1,13:06,7
8/8/2019,14,Pru-D3 | Pru-E4 | Pru-A1,mix ,Poritidae,35.6,2,9,11:44,7.12,12:18,7.62,12:36,7.39,13:05,7,1.00036,11:44,7.11,12:19,7.14,12:37,7.1,13:06,7
8/8/2019,14,Pve-F4 | Pve-A1 | Pve-B3,mix ,Pocilloporidae,35.6,3,1,13:32,7.07,14:02,7.93,14:30,8.94,15:00,7.46,1.00036,13:47,7.14,14:22,7.2,14:45,7.15,15:12,7.05
8/8/2019,14,Pda-A4 | Pda-B1 | Pda-D2,mix ,Pocilloporidae,35.6,3,2,13:33,7.12,14:04,8.31,14:32,8.63,15:03,7.47,1.00036,13:47,7.14,14:22,7.2,14:45,7.15,15:12,7.05
8/8/2019,14,Spi-A4 | Spi-B1 | Spi-D2,mix ,Pocilloporidae,35.6,3,3,13:34,7.19,14:06,8.49,14:34,8.86,15:04,7.44,1.00036,13:47,7.14,14:22,7.2,14:45,7.15,15:12,7.05
8/8/2019,14,Amu-D3 | Amu-B1 | Amu-A2,mix ,Acroporidae,35.6,3,4,13:41,7.21,14:11,7.85,14:36,8.06,15:05,7.31,1.00036,13:47,7.14,14:22,7.2,14:45,7.15,15:12,7.05
8/8/2019,14,Acy-B4 | Acy-D1 | Acy-A2,mix ,Acroporidae,35.6,3,5,13:42,7.18,14:13,7.41,14:38,7.74,15:06,7.22,1.00036,13:47,7.14,14:22,7.2,14:45,7.15,15:12,7.05
8/8/2019,14,Mdi-C4 | Mdi-A1 | Mdi-D3,mix ,Acroporidae,35.6,3,6,13:43,7.14,14:15,8.22,14:39,7.92,15:07,7.22,1.00036,13:47,7.14,14:22,7.2,14:45,7.15,15:12,7.05
8/8/2019,14,Plo-B3 | Plo-C1 | Plo-D2,mix ,Poritidae,35.6,3,7,13:45,7.15,14:18,8.11,14:41,7.62,15:08,7.15,1.00036,13:47,7.14,14:22,7.2,14:45,7.15,15:12,7.05
8/8/2019,14,Pcy-B4 | Pcy-C1 | Pcy-A2,mix ,Poritidae,35.6,3,8,13:46,7.15,14:20,7.82,14:42,7.46,15:10,7.02,1.00036,13:47,7.14,14:22,7.2,14:45,7.15,15:12,7.05
8/8/2019,14,Pru-D4 | Pru-E2 | Pru-A3,mix ,Poritidae,35.6,3,9,13:47,7.15,14:21,7.75,14:43,7.42,15:11,7,1.00036,13:47,7.14,14:22,7.2,14:45,7.15,15:12,7.05
8/9/2019,15,Pve-F4,Pocillopora,Pocilloporidae,35.6,1,1,9:37,6.9,10:07,7.13,10:25,7.44,10:55,6.74,1.00036,9:43,6.94,10:19,7.03,10:33,6.92,11:05,6.83
8/9/2019,15,Pve-A4,Pocillopora,Pocilloporidae,35.6,1,2,9:37,6.95,10:10,7.24,10:26,7.18,10:56,6.78,1.00036,9:43,6.94,10:19,7.03,10:33,6.92,11:05,6.83
8/9/2019,15,Pve-B4,Pocillopora,Pocilloporidae,35.6,1,3,9:38,6.95,10:11,7.28,10:27,7.2,10:58,6.72,1.00036,9:43,6.94,10:19,7.03,10:33,6.92,11:05,6.83
8/9/2019,15,Amu-D3,Acropora,Acroporidae,35.6,1,4,9:39,6.96,10:11,7.2,10:28,7.14,10:59,6.95,1.00036,9:43,6.94,10:19,7.03,10:33,6.92,11:05,6.83
8/9/2019,15,Amu-B4,Acropora,Acroporidae,35.6,1,5,9:40,6.96,10:13,7.07,10:29,7.03,11:00,6.86,1.00036,9:43,6.94,10:19,7.03,10:33,6.92,11:05,6.83
8/9/2019,15,Amu-A3,Acropora,Acroporidae,35.6,1,6,9:41,6.97,10:14,7.21,10:30,7.19,11:01,6.83,1.00036,9:43,6.94,10:19,7.03,10:33,6.92,11:05,6.83
8/9/2019,15,Plo-B3,Porites,Poritidae,35.6,1,7,9:41,6.96,10:16,7.18,10:31,7.11,11:02,6.81,1.00036,9:43,6.94,10:19,7.03,10:33,6.92,11:05,6.83
8/9/2019,15,Plo-C3,Porites,Poritidae,35.6,1,8,9:42,6.95,10:17,7.14,10:32,7.02,11:03,6.85,1.00036,9:43,6.94,10:19,7.03,10:33,6.92,11:05,6.83
8/9/2019,15,Plo-D3,Porites,Poritidae,35.6,1,9,9:43,6.94,10:18,7.13,10:32,6.98,11:04,6.84,1.00036,9:43,6.94,10:19,7.03,10:33,6.92,11:05,6.83
8/9/2019,15,Pve-F1,Pocillopora,Pocilloporidae,35.6,2,1,11:33,6.91,12:03,7.47,12:20,7.76,12:50,6.96,1.00036,11:40,7.02,12:14,7.11,12:30,7.01,13:01,6.92
8/9/2019,15,Pve-A1,Pocillopora,Pocilloporidae,35.6,2,2,11:34,6.98,12:06,7.6,12:21,7.69,12:52,7.02,1.00036,11:40,7.02,12:14,7.11,12:30,7.01,13:01,6.92
8/9/2019,15,Pve-B1,Pocillopora,Pocilloporidae,35.6,2,3,11:35,7.01,12:08,7.69,12:22,7.56,12:53,6.99,1.00036,11:40,7.02,12:14,7.11,12:30,7.01,13:01,6.92
8/9/2019,15,Amu-D1,Acropora,Acroporidae,35.6,2,4,11:36,7.01,12:08,7.5,12:24,7.32,12:54,7.02,1.00036,11:40,7.02,12:14,7.11,12:30,7.01,13:01,6.92
8/9/2019,15,Amu-B1,Acropora,Acroporidae,35.6,2,5,11:37,7.02,12:09,7.39,12:25,7.17,12:55,7.05,1.00036,11:40,7.02,12:14,7.11,12:30,7.01,13:01,6.92
8/9/2019,15,Amu-A1,Acropora,Acroporidae,35.6,2,6,11:37,7.03,12:11,7.29,12:26,7.15,12:56,6.99,1.00036,11:40,7.02,12:14,7.11,12:30,7.01,13:01,6.92
8/9/2019,15,Plo-B1,Porites,Poritidae,35.6,2,7,11:38,7.02,12:12,7.31,12:27,7.17,12:57,6.95,1.00036,11:40,7.02,12:14,7.11,12:30,7.01,13:01,6.92
8/9/2019,15,Plo-C1,Porites,Poritidae,35.6,2,8,11:39,7.04,12:13,7.34,12:28,7.15,12:59,6.93,1.00036,11:40,7.02,12:14,7.11,12:30,7.01,13:01,6.92
8/9/2019,15,Plo-D1,Porites,Poritidae,35.6,2,9,11:40,7.01,12:14,7.3,12:29,7.18,13:00,6.97,1.00036,11:40,7.02,12:14,7.11,12:30,7.01,13:01,6.92
8/9/2019,15,Pve-F3,Pocillopora,Pocilloporidae,35.6,3,1,13:34,6.95,14:05,7.44,14:22,7.68,14:52,6.9,1.00036,13:43,6.99,14:16,7.05,14:30,6.98,15:03,6.88
8/9/2019,15,Pve-A2,Pocillopora,Pocilloporidae,35.6,3,2,13:35,7.01,14:07,7.51,14:23,7.28,14:54,6.93,1.00036,13:43,6.99,14:16,7.05,14:30,6.98,15:03,6.88
8/9/2019,15,Pve-B3,Pocillopora,Pocilloporidae,35.6,3,3,13:36,7,14:08,7.42,14:24,7.26,14:55,6.92,1.00036,13:43,6.99,14:16,7.05,14:30,6.98,15:03,6.88
8/9/2019,15,Amu-D2,Acropora,Acroporidae,35.6,3,4,13:37,7.02,14:09,7.32,14:25,7.15,14:56,6.93,1.00036,13:43,6.99,14:16,7.05,14:30,6.98,15:03,6.88
8/9/2019,15,Amu-B2,Acropora,Acroporidae,35.6,3,5,13:38,6.99,14:10,7.11,14:26,7.06,14:57,6.93,1.00036,13:43,6.99,14:16,7.05,14:30,6.98,15:03,6.88
8/9/2019,15,Amu-A2,Acropora,Acroporidae,35.6,3,6,13:39,7,14:12,7.32,14:27,7.09,14:58,6.97,1.00036,13:43,6.99,14:16,7.05,14:30,6.98,15:03,6.88
8/9/2019,15,Plo-B2,Porites,Poritidae,35.6,3,7,13:40,7.01,14:13,7.25,14:28,7.12,14:59,6.95,1.00036,13:43,6.99,14:16,7.05,14:30,6.98,15:03,6.88
8/9/2019,15,Plo-C2,Porites,Poritidae,35.6,3,8,13:41,7,14:14,7.27,14:29,7.11,15:00,6.92,1.00036,13:43,6.99,14:16,7.05,14:30,6.98,15:03,6.88
8/9/2019,15,Plo-D2,Porites,Poritidae,35.6,3,9,13:42,7,14:15,7.21,14:30,7.05,15:02,6.87,1.00036,13:43,6.99,14:16,7.05,14:30,6.98,15:03,6.88
8/10/2019,16,Pda-A4,Pocillopora,Pocilloporidae,35.4,1,1,9:51,7.01,10:21,7.2,10:39,7.34,11:09,7.02,1.00036,9:59,6.98,10:32,7.04,10:48,6.9,11:20,6.83
8/10/2019,16,Pda-B4,Pocillopora,Pocilloporidae,35.4,1,2,9:52,6.99,10:22,7.46,10:41,7.45,11:11,7.09,1.00036,9:59,6.98,10:32,7.04,10:48,6.9,11:20,6.83
8/10/2019,16,Pda-D4,Pocillopora,Pocilloporidae,35.4,1,3,9:53,7.01,10:24,7.37,10:42,7.24,11:12,6.88,1.00036,9:59,6.98,10:32,7.04,10:48,6.9,11:20,6.83
8/10/2019,16,Acy-B4,Acropora,Acroporidae,35.4,1,4,9:54,7.02,10:25,7.24,10:43,7.17,11:13,6.85,1.00036,9:59,6.98,10:32,7.04,10:48,6.9,11:20,6.83
8/10/2019,16,Acy-D3,Acropora,Acroporidae,35.4,1,5,9:55,7.01,10:26,7.2,10:43,7.1,11:14,6.9,1.00036,9:59,6.98,10:32,7.04,10:48,6.9,11:20,6.83
8/10/2019,16,Acy-A3,Acropora,Acroporidae,35.4,1,6,9:56,7,10:27,7.19,10:45,7.16,11:16,6.89,1.00036,9:59,6.98,10:32,7.04,10:48,6.9,11:20,6.83
8/10/2019,16,Pcy-B4,Porites,Poritidae,35.4,1,7,9:57,7.01,10:28,7.15,10:45,7.09,11:17,6.86,1.00036,9:59,6.98,10:32,7.04,10:48,6.9,11:20,6.83
8/10/2019,16,Pcy-C4,Porites,Poritidae,35.4,1,8,9:57,6.98,10:29,7.14,10:46,7,11:18,6.83,1.00036,9:59,6.98,10:32,7.04,10:48,6.9,11:20,6.83
8/10/2019,16,Pcy-A4,Porites,Poritidae,35.4,1,9,9:58,6.99,10:30,7.11,10:47,6.98,11:19,6.8,1.00036,9:59,6.98,10:32,7.04,10:48,6.9,11:20,6.83
8/10/2019,16,Pda-D2,Pocillopora,Pocilloporidae,35.4,1,11,9:59,6.97,10:33,7.08,10:49,6.96,11:21,6.73,1.00036,9:59,6.98,10:32,7.04,10:48,6.9,11:20,6.83
8/10/2019,16,Pda-A1,Pocillopora,Pocilloporidae,35.4,2,1,11:45,7.06,12:15,7.3,12:32,7.44,13:02,7.04,1.00036,11:51,7.09,12:26,7.15,12:44,7,13:12,7
8/10/2019,16,Pda-B1,Pocillopora,Pocilloporidae,35.4,2,2,11:46,7.1,12:17,7.73,12:34,7.7,13:04,7.28,1.00036,11:51,7.09,12:26,7.15,12:44,7,13:12,7
8/10/2019,16,Pda-D1,Pocillopora,Pocilloporidae,35.4,2,3,11:46,7.11,12:19,7.58,12:36,7.42,13:06,7.26,1.00036,11:51,7.09,12:26,7.15,12:44,7,13:12,7
8/10/2019,16,Acy-B1,Acropora,Acroporidae,35.4,2,4,11:47,7.13,12:20,7.37,12:37,7.3,13:07,7.12,1.00036,11:51,7.09,12:26,7.15,12:44,7,13:12,7
8/10/2019,16,Acy-D1,Acropora,Acroporidae,35.4,2,5,11:48,7.13,12:21,7.27,12:38,7.18,13:08,7.07,1.00036,11:51,7.09,12:26,7.15,12:44,7,13:12,7
8/10/2019,16,Acy-A1,Acropora,Acroporidae,35.4,2,6,11:49,7.13,12:22,7.29,12:40,7.26,13:08,7.09,1.00036,11:51,7.09,12:26,7.15,12:44,7,13:12,7
8/10/2019,16,Pcy-B1,Porites,Poritidae,35.4,2,7,11:49,7.11,12:23,7.33,12:41,7.17,13:09,7.04,1.00036,11:51,7.09,12:26,7.15,12:44,7,13:12,7
8/10/2019,16,Pcy-C1,Porites,Poritidae,35.4,2,8,11:50,7.03,12:24,7.28,12:42,7.11,13:10,7,1.00036,11:51,7.09,12:26,7.15,12:44,7,13:12,7
8/10/2019,16,Pcy-A1,Porites,Poritidae,35.4,2,9,11:51,7.08,12:25,7.24,12:43,7.09,13:11,6.94,1.00036,11:51,7.09,12:26,7.15,12:44,7,13:12,7
8/10/2019,16,Plo-B1,Porites,Poritidae,35.4,2,11,11:52,7.08,12:27,7.23,12:44,7.08,13:14,6.98,1.00036,11:51,7.09,12:26,7.15,12:44,7,13:12,7
8/10/2019,16,Pda-A2,Pocillopora,Pocilloporidae,35.4,3,1,13:37,7.08,14:07,7.19,14:24,7.15,14:54,6.91,1.00036,13:44,7.09,14:20,7.15,14:35,7.02,15:05,6.98
8/10/2019,16,Pda-B2,Pocillopora,Pocilloporidae,35.4,3,2,13:38,7.1,14:09,7.76,14:27,7.6,14:56,7.19,1.00036,13:44,7.09,14:20,7.15,14:35,7.02,15:05,6.98
8/10/2019,16,Pda-D2,Pocillopora,Pocilloporidae,35.4,3,3,13:39,7.12,14:11,7.6,14:28,7.48,14:58,7.01,1.00036,13:44,7.09,14:20,7.15,14:35,7.02,15:05,6.98
8/10/2019,16,Acy-B3,Acropora,Acroporidae,35.4,3,4,13:40,7.13,14:12,7.45,14:29,7.3,14:59,7.02,1.00036,13:44,7.09,14:20,7.15,14:35,7.02,15:05,6.98
8/10/2019,16,Acy-D2,Acropora,Acroporidae,35.4,3,5,13:41,7.14,14:14,7.31,14:30,7.21,15:00,7,1.00036,13:44,7.09,14:20,7.15,14:35,7.02,15:05,6.98
8/10/2019,16,Acy-A2,Acropora,Acroporidae,35.4,3,6,13:42,7.1,14:15,7.35,14:31,7.22,15:01,7.02,1.00036,13:44,7.09,14:20,7.15,14:35,7.02,15:05,6.98
8/10/2019,16,Pcy-B2,Porites,Poritidae,35.4,3,7,13:43,7.1,14:17,7.33,14:32,7.18,15:02,7.01,1.00036,13:44,7.09,14:20,7.15,14:35,7.02,15:05,6.98
8/10/2019,16,Pcy-C3,Porites,Poritidae,35.4,3,8,13:43,7.09,14:17,7.28,14:33,7.07,15:03,6.97,1.00036,13:44,7.09,14:20,7.15,14:35,7.02,15:05,6.98
8/10/2019,16,Pcy-A2,Porites,Poritidae,35.4,3,9,13:44,7.1,14:18,7.26,14:34,7.06,15:04,6.91,1.00036,13:44,7.09,14:20,7.15,14:35,7.02,15:05,6.98
8/12/2019,17,Spi-A4,Stylophora,Pocilloporidae,35.5,1,1,9:37,7.26,10:07,7.54,10:23,7.54,10:53,6.98,1.00036,9:46,7.22,10:18,7.27,10:32,7.23,11:03,7.15
8/12/2019,17,Spi-B3,Stylophora,Pocilloporidae,35.5,1,2,9:38,7.25,10:09,7.6,10:24,7.53,10:55,7.03,1.00036,9:46,7.22,10:18,7.27,10:32,7.23,11:03,7.15
8/12/2019,17,Spi-D4,Stylophora,Pocilloporidae,35.5,1,3,9:42,7.25,10:12,7.7,10:26,7.65,10:56,7.13,1.00036,9:46,7.22,10:18,7.27,10:32,7.23,11:03,7.15
8/12/2019,17,Mdi-C4,Montipora,Acroporidae,35.5,1,4,9:40,7.24,10:10,7.62,10:27,7.47,10:57,7.21,1.00036,9:46,7.22,10:18,7.27,10:32,7.23,11:03,7.15
8/12/2019,17,Mdi-A4,Montipora,Acroporidae,35.5,1,5,9:41,7.24,10:13,7.81,10:28,7.62,10:58,7.3,1.00036,9:46,7.22,10:18,7.27,10:32,7.23,11:03,7.15
8/12/2019,17,Mdi-D4,Montipora,Acroporidae,35.5,1,6,9:42,7.24,10:14,7.89,10:29,7.68,10:59,7.32,1.00036,9:46,7.22,10:18,7.27,10:32,7.23,11:03,7.15
8/12/2019,17,Pru-D4,Porites,Poritidae,35.5,1,7,9:43,7.24,10:15,7.65,10:30,7.5,11:00,7.25,1.00036,9:46,7.22,10:18,7.27,10:32,7.23,11:03,7.15
8/12/2019,17,Pru-E4,Porites,Poritidae,35.5,1,8,9:44,7.24,10:16,7.49,10:31,7.42,11:00,7.19,1.00036,9:46,7.22,10:18,7.27,10:32,7.23,11:03,7.15
8/12/2019,17,Pru-A4,Porites,Poritidae,35.5,1,9,9:46,7.24,10:17,7.37,10:32,7.26,11:02,7.06,1.00036,9:46,7.22,10:18,7.27,10:32,7.23,11:03,7.15
8/12/2019,17,Spi-A1,Stylophora,Pocilloporidae,35.5,2,1,11:24,7.23,11:54,7.76,12:12,7.96,12:42,7.81,1.00036,11:31,7.35,12:05,7.4,12:21,7.35,12:53,7.25
8/12/2019,17,Spi-B1,Stylophora,Pocilloporidae,35.5,2,2,11:25,7.29,11:56,8.13,12:14,8.2,12:44,7.78,1.00036,11:31,7.35,12:05,7.4,12:21,7.35,12:53,7.25
8/12/2019,17,Spi-D1,Stylophora,Pocilloporidae,35.5,2,3,11:26,7.34,11:57,8.16,12:14,8.16,12:45,7.73,1.00036,11:31,7.35,12:05,7.4,12:21,7.35,12:53,7.25
8/12/2019,17,Mdi-C1,Montipora,Acroporidae,35.5,2,4,11:26,7.36,11:58,8.01,12:15,8.02,12:46,7.63,1.00036,11:31,7.35,12:05,7.4,12:21,7.35,12:53,7.25
8/12/2019,17,Mdi-A1,Montipora,Acroporidae,35.5,2,5,11:28,7.36,11:59,7.99,12:16,7.96,12:48,7.61,1.00036,11:31,7.35,12:05,7.4,12:21,7.35,12:53,7.25
8/12/2019,17,Mdi-D1,Montipora,Acroporidae,35.5,2,6,11:28,7.36,12:00,8.03,12:17,8.01,12:49,7.6,1.00036,11:31,7.35,12:05,7.4,12:21,7.35,12:53,7.25
8/12/2019,17,Pru-D1,Porites,Poritidae,35.5,2,7,11:29,7.37,12:01,7.76,12:18,7.7,12:50,7.47,1.00036,11:31,7.35,12:05,7.4,12:21,7.35,12:53,7.25
8/12/2019,17,Pru-E2,Porites,Poritidae,35.5,2,8,11:30,7.37,12:03,7.63,12:19,7.55,12:51,7.38,1.00036,11:31,7.35,12:05,7.4,12:21,7.35,12:53,7.25
8/12/2019,17,Pru-A1,Porites,Poritidae,35.5,2,9,11:31,7.36,12:04,7.55,12:20,7.42,12:52,7.26,1.00036,11:31,7.35,12:05,7.4,12:21,7.35,12:53,7.25
8/12/2019,17,Spi-A2,Stylophora,Pocilloporidae,35.5,3,1,13:17,7.24,13:47,7.81,14:05,8,14:35,7.44,1.00036,13:25,7.37,13:59,7.43,14:14,7.32,14:45,7.25
8/12/2019,17,Spi-B2,Stylophora,Pocilloporidae,35.5,3,2,13:18,7.31,13:50,8.08,14:06,8.1,14:36,7.49,1.00036,13:25,7.37,13:59,7.43,14:14,7.32,14:45,7.25
8/12/2019,17,Spi-D2,Stylophora,Pocilloporidae,35.5,3,3,13:19,7.33,13:52,8.14,14:07,8.06,14:38,7.5,1.00036,13:25,7.37,13:59,7.43,14:14,7.32,14:45,7.25
8/12/2019,17,Mdi-C3,Montipora,Acroporidae,35.5,3,4,13:20,7.34,13:53,8.09,14:08,7.99,14:39,7.55,1.00036,13:25,7.37,13:59,7.43,14:14,7.32,14:45,7.25
8/12/2019,17,Mdi-A3,Montipora,Acroporidae,35.5,3,5,13:21,7.37,13:54,8.05,14:09,7.96,14:40,7.56,1.00036,13:25,7.37,13:59,7.43,14:14,7.32,14:45,7.25
8/12/2019,17,Mdi-D3,Montipora,Acroporidae,35.5,3,6,13:22,7.37,13:55,8,14:12,7.63,14:41,7.49,1.00036,13:25,7.37,13:59,7.43,14:14,7.32,14:45,7.25
8/12/2019,17,Pru-D3,Porites,Poritidae,35.5,3,7,13:22,7.38,13:56,7.86,14:11,7.71,14:42,7.39,1.00036,13:25,7.37,13:59,7.43,14:14,7.32,14:45,7.25
8/12/2019,17,Pru-E3,Porites,Poritidae,35.5,3,8,13:23,7.37,13:57,7.69,14:13,7.54,14:43,7.33,1.00036,13:25,7.37,13:59,7.43,14:14,7.32,14:45,7.25
8/12/2019,17,Pru-A3,Porites,Poritidae,35.5,3,9,13:24,7.37,13:58,7.57,14:13,7.43,14:44,7.22,1.00036,13:25,7.37,13:59,7.43,14:14,7.32,14:45,7.25
